dataset,mode,target,model,seed,fold,train_r2,train_rmse,train_nrmse,train_mae,test_r2,test_rmse,test_nrmse,test_mae,train_Si Particle Size (um)__r2,train_Si Particle Size (um)__rmse,train_Si Particle Size (um)__nrmse,train_Si Particle Size (um)__mae,test_Si Particle Size (um)__r2,test_Si Particle Size (um)__rmse,test_Si Particle Size (um)__nrmse,test_Si Particle Size (um)__mae,train_Hardness (HV)__r2,train_Hardness (HV)__rmse,train_Hardness (HV)__nrmse,train_Hardness (HV)__mae,test_Hardness (HV)__r2,test_Hardness (HV)__rmse,test_Hardness (HV)__nrmse,test_Hardness (HV)__mae,train_wear rate__r2,train_wear rate__rmse,train_wear rate__nrmse,train_wear rate__mae,test_wear rate__r2,test_wear rate__rmse,test_wear rate__nrmse,test_wear rate__mae,train_Ultimate Compression Strength (MPa)__r2,train_Ultimate Compression Strength (MPa)__rmse,train_Ultimate Compression Strength (MPa)__nrmse,train_Ultimate Compression Strength (MPa)__mae,test_Ultimate Compression Strength (MPa)__r2,test_Ultimate Compression Strength (MPa)__rmse,test_Ultimate Compression Strength (MPa)__nrmse,test_Ultimate Compression Strength (MPa)__mae,train_Elongation (%)__r2,train_Elongation (%)__rmse,train_Elongation (%)__nrmse,train_Elongation (%)__mae,test_Elongation (%)__r2,test_Elongation (%)__rmse,test_Elongation (%)__nrmse,test_Elongation (%)__mae
Dataset_3772,multi_output,ALL,xgboost,42,0,0.9753508167260303,1.2990407413548353,0.007067686296816296,0.6838695596388409,0.6908847022354564,3.83618408315537,0.02197378899733858,1.8675932001113893,0.9818025610104901,0.028491007378919457,0.035613759223649316,0.019412795049803606,0.942569111028729,0.048313628446082335,0.09115778952091007,0.039808931350707996,0.9858238588549099,0.6190232422307544,0.03095116211153772,0.4575669424874442,0.9166777515837009,1.8195486980062896,0.1137217936253931,1.3824434280395508,0.9850218001763436,0.08406483122009155,0.029078115261186976,0.0685527884619577,0.9544027158448637,0.13691305743146626,0.07918626803439344,0.1260316581726073,0.9750033484628953,2.721926246262845,0.03817568367830077,2.2179495239257814,0.7383158982775855,8.11741727026547,0.17344908697148437,6.322423934936523,0.9491025151255127,0.7984881593565775,0.05687237602254825,0.6558657482692176,-0.09754196555759709,2.0874006810537504,0.2982000972933929,1.4672580480575563
Dataset_3772,multi_output,ALL,xgboost,42,1,0.9672747303785656,1.6475662438200902,0.009371821637201877,0.7777273741582347,0.9048231406942084,2.1735147604583176,0.011826077373406158,1.1843977401563106,0.9923118857138843,0.01867280935108218,0.023341011688852723,0.014551828298075446,0.9418671666195796,0.046767704629684916,0.08993789351862483,0.03218469066279274,0.9841858780090307,0.701819540605733,0.033419978124082525,0.533972378434806,0.9306673616718415,1.413475130765681,0.09423167538437874,1.1990410940987724,0.9866435973054037,0.08220929620219254,0.028436283708817896,0.06771160546664533,0.9628447291042691,0.10140426196776464,0.07505866911011447,0.09228420639038097,0.9470080598404524,3.5337853158174286,0.06221453020805332,2.643598580195987,0.9679225254791896,4.023775763730767,0.05643444268907107,2.5103496006556947,0.9262242310240572,0.7649027852107472,0.06374189876756227,0.6288024783956593,0.7208139205961628,2.32802033604287,0.18654009102907612,2.088129108973912
Dataset_3772,multi_output,ALL,xgboost,42,2,0.9689510272415667,1.2506820236230152,0.00680458119490215,0.6882630129074229,0.6507901159177781,4.069952897936328,0.025331131498950197,1.8166437770911634,0.9776558588524333,0.027592343521502027,0.043797370669050845,0.022473444322059898,0.7702913482273441,0.11530383433694241,0.1720952751297648,0.08801402585847039,0.9752103527170023,0.8175253853194558,0.045418076962191994,0.6354488504344019,0.9704802572519834,1.0054355166728395,0.06283971979205247,0.8113762991768974,0.9779505233185732,0.09262065315444762,0.03566447945877844,0.06950869237965555,0.9674495790155532,0.13277436871374615,0.060794124868931404,0.08847239303588861,0.98118057990144,2.523936048594789,0.03539882256093673,2.0037600708007814,0.06398758288436468,8.84094935352189,0.3400365135969957,6.41616603306362,0.9327578214183851,0.8792535272713051,0.06262489510479381,0.7101240066002155,0.4817418122096452,1.902202118644377,0.22645263317194966,1.6791901343209403
Dataset_3772,multi_output,ALL,xgboost,42,3,0.9693163810404087,1.6161811159795827,0.008793629228900281,0.7251052327780889,0.6621864294493217,3.582051605517172,0.020375720167902,1.6474475623573572,0.9853179159753168,0.02596917833496083,0.032872377639190924,0.019527235031127927,0.841744515806971,0.04311819765356834,0.12319485043876668,0.03952977291175296,0.9959564026698313,0.37882930800388853,0.018039490857328026,0.27639007568359375,-0.04020202405063178,2.606368369097641,0.3723383384425202,1.8751602172851562,0.986657427672125,0.08062329787203634,0.028866200455437294,0.0663471528415022,0.864041961727654,0.1402861288795105,0.10774664276460096,0.11480302156720855,0.9612217599734661,3.4602402919402486,0.048530719382051175,2.4687805175781254,0.7007104280360945,7.544293812462037,0.17109182021685082,5.628976266043525,0.9174283989113047,0.9676042379467175,0.06891768076543571,0.7944811827560952,0.9446372657265206,0.6514629243711213,0.0786790971462707,0.5787685339791432
Dataset_3772,multi_output,ALL,xgboost,42,4,0.9787117803092347,1.253583677546498,0.00682036821298421,0.6285597157297464,0.8279396055322149,4.010802714417854,0.0236040649388998,1.7375627691813875,0.9838901257421024,0.027611301958991755,0.03451412744873969,0.01946245830634544,0.9529348115925884,0.03754786973070853,0.0682688540558337,0.03198191438402449,0.9825826296707638,0.7733781350184035,0.0368275302389716,0.5880813598632812,0.9531676581331594,0.9427930490786706,0.06285286993857804,0.7781426565987724,0.9891459420191926,0.07023610814597987,0.024294745121404313,0.05148172496927203,0.9079544121520255,0.21815569717383346,0.09358888767646222,0.17952513613019683,0.974164948274331,2.625902909136612,0.03682893280696511,2.000390088311558,0.8085811907818317,8.568992366380055,0.16801945816431485,5.83404606410435,0.9637752558397832,0.5984854720333477,0.047955566669338756,0.4833829471982759,0.5170599550014701,2.46316897729463,0.2443620017157371,1.8641180746895927
Dataset_3772,multi_output,ALL,xgboost,123,0,0.9626786776277646,1.7425674438595178,0.00948078043449139,0.818004796762126,0.911855402491681,2.1428531872143397,0.012196090991544336,1.1705347711563112,0.9887641276195893,0.022961365862099486,0.028701707327624358,0.015512670917170386,0.9215036403920129,0.049970419144401826,0.09994083828880365,0.037698142528533936,0.9790563082825181,0.8256745948120445,0.039317837848192594,0.6623415265764508,0.9442849930450964,1.2289829195998163,0.07229311291763625,0.9648056030273438,0.9861253613889805,0.08381974552234628,0.02899333985553313,0.0716142710277013,0.9627389296884338,0.11075979560037431,0.06632323089842773,0.07151942110061638,0.953692815537739,3.6799222630185735,0.051611812945562045,2.561452146257674,0.9308257198634992,4.352081070496652,0.07662114560733543,3.574857711791994,0.9057547753099964,0.9754932647414896,0.07597299569637768,0.7791033690316337,0.7999237294693631,1.57902674892447,0.13158556241037253,1.2037929773330687
Dataset_3772,multi_output,ALL,xgboost,123,1,0.9739263780407731,1.611196983351785,0.009107953552016873,0.7683370210614698,0.7899182988982792,3.2632067396859012,0.017758948243188577,1.5992282980169565,0.9857154620771413,0.026314383851355677,0.032892979814194596,0.019098587447199326,0.9187312678584818,0.04020058193270932,0.12181994525063432,0.034759498834609985,0.9862552245925004,0.6542921918558099,0.032714609592790496,0.5373419399919181,0.8791278049405841,1.7517630224475458,0.1251259301748247,1.406597682407924,0.9903023062323042,0.06936445886556389,0.023993240700644722,0.05794564661486398,0.8738069771649567,0.19335806369134065,0.13216545706858554,0.15091193335396902,0.9554132432423089,3.468977546590906,0.053866110971908486,2.6513839826912715,0.8718488105445669,6.678472992466815,0.11168015037569924,4.657265799386159,0.95194565405961,0.7158011104929416,0.050982985077844836,0.575914948562096,0.4060766339828068,2.35221438311903,0.2545686561817132,1.7466065761021206
Dataset_3772,multi_output,ALL,xgboost,123,2,0.9722199839878879,1.6981670596113334,0.009239211423347842,0.7408777083980628,0.8376531414317743,2.037125260248984,0.011983794695270219,1.232375572037696,0.9819868579336924,0.027994071945978177,0.03499258993247272,0.020731425922492448,0.9851063394229933,0.026023174823007134,0.041972862617753445,0.019408836620194565,0.9816410254563266,0.7382748767137678,0.03515594651017942,0.5483427376582705,0.9508119221248378,1.3708338128657298,0.08063728310974881,1.1866956438337053,0.9860414438735253,0.07966908521817148,0.027557622005593734,0.05568124047641097,0.9320401213224303,0.18709126989828878,0.07860977726818856,0.14757482147216816,0.9561911844882646,3.6564069897164093,0.051282005465868294,2.4948058661099144,0.9288106240300368,3.6881991940147145,0.08739808516622549,3.098417009626112,0.9552394081876305,0.7052404643152962,0.05023080230165927,0.5848272718232252,0.3914967002585725,2.287294830929247,0.2575782467262665,1.7097815486363004
Dataset_3772,multi_output,ALL,xgboost,123,3,0.9744907396541981,1.2035676488548754,0.006548602474861938,0.6501890468778283,0.7517132926843331,4.1694421186982735,0.023879966315568574,2.143209443698611,0.9793938639935057,0.028253125057358646,0.035763449439694485,0.02066672321023613,0.9697520303327866,0.04431133579547528,0.06817128583919276,0.039205570391246246,0.9931640972715412,0.4577104746721571,0.021795736889150336,0.39490377491918105,0.8136013263340899,2.5159385516168165,0.16772923677445442,1.8642163957868303,0.9868929567144673,0.07577347068715347,0.027129778262496775,0.06288804429152918,0.9776860799148922,0.11359815859325967,0.0537361204320055,0.08458352988106858,0.9770818883699047,2.507111600894335,0.03868999384096196,2.0678644745925387,0.7465747878643259,8.812242265788532,0.14190406225102303,7.28517063685826,0.9359208919215717,0.8609460557730754,0.061320944143381434,0.7046222173756566,0.25095223897557073,1.7090375429751266,0.2906526433631168,1.4428710855756486
Dataset_3772,multi_output,ALL,xgboost,123,4,0.970697494771235,0.977577570315745,0.005318702776473041,0.5604195038795471,0.8450960725975344,4.67444797505007,0.02644367242773135,1.7492073966503152,0.97954151381976,0.029148755236308714,0.04484423882509034,0.023219143522196794,0.9100023543178705,0.06578171280324428,0.0981816609003646,0.046258995362690514,0.9802077845575037,0.798932453017403,0.042049076474600156,0.5906161604256466,0.9668483225236059,0.8851339402583284,0.05532087126614552,0.73419189453125,0.9801199318392855,0.0930073007241735,0.035813361849893526,0.07142126228069437,0.9592870153622034,0.1472570246329611,0.06742537757919466,0.10863879939488008,0.9886797105592572,1.8459344298884477,0.025889683448645832,1.4167260005556297,0.5453736892855472,10.303223475331523,0.2279726402330241,6.631357421875005,0.9249385330803689,0.8503073197793619,0.062156967820128806,0.7001149526135675,0.8439689814984457,1.5120950424446131,0.131258250212206,1.2255898720877512
Dataset_3772,multi_output,ALL,xgboost,7,0,0.970383064753662,1.1686694088920013,0.00635837545643091,0.6401913894406388,0.7992084895998186,4.2235096711317315,0.024035452260025788,2.1848291663408284,0.9734889048313955,0.030954960032617374,0.04913485719463076,0.02515372972403254,0.9078097569641634,0.07628570699441137,0.10595237082557135,0.049946206212043744,0.9831316405058506,0.6997848267018915,0.03683078035273113,0.5412970951625279,0.9496146897093936,1.37657547167265,0.076476415092925,1.1469535827636719,0.977490790987656,0.09343326932200147,0.03597738518367403,0.07418594523838595,0.9719345799141886,0.14111060663941516,0.05375642157692006,0.09360328817367536,0.9784733162978524,2.370469226637952,0.03658131522589432,1.8711623164585665,0.7709991139111746,9.113029437037897,0.14396570990581195,7.8593126296997085,0.9393306711455551,0.8428699739066245,0.060033473924973255,0.6891578606196812,0.39568430750017325,2.0547925561449114,0.22238014676892984,1.7743301248550416
Dataset_3772,multi_output,ALL,xgboost,7,1,0.9685774616136129,1.3786272767340142,0.007501100586179957,0.6822336433270885,0.8428405921575924,3.279841876143775,0.01854065503755667,1.6095097846167428,0.984852954531468,0.02521610033445599,0.031919114347412646,0.018963269920184697,0.9562469913279196,0.047681280935406654,0.07946880155901108,0.0414213868549892,0.9933855783561929,0.4568760573499094,0.021756002730948066,0.3592866042564655,0.809718181329474,2.294723966847683,0.15298159778984555,1.258164542061942,0.9881747567378575,0.07300929779230932,0.026140099460189522,0.05583919433067587,0.9473502904927387,0.1674731136551608,0.07978709559559827,0.16455340685163236,0.9691633230808807,2.9134057710636108,0.04086123101070983,2.198747263941273,0.8434787788545604,6.533277915689618,0.15518474859120235,4.8504542759486595,0.9073106953616656,0.8946679344028539,0.06539970280722616,0.7783318841868434,0.6574087187832693,2.409774783360418,0.2206753464615767,1.7329553113664902
Dataset_3772,multi_output,ALL,xgboost,7,2,0.9737530678473062,1.6171114806716684,0.008798212626070013,0.7572867578892872,0.7663584836399435,3.558299207145191,0.021293792568416212,2.044597916551998,0.983826963750526,0.027028298726002337,0.03378537340750292,0.019557195429144233,0.9764898290438105,0.02855302353222471,0.055986320651421,0.01872478663921356,0.9907566789608401,0.5165620230416672,0.02582810115208336,0.40895159491177263,0.8653327747731381,2.1100387116456396,0.13187741947785248,1.730973379952567,0.9865714152895309,0.07956822966326892,0.027522735961006198,0.0685382353683998,0.8999510481716508,0.1767771693252956,0.11531452663098217,0.14740237372262147,0.9554144268338546,3.5052667280756866,0.04916222620022001,2.687835388183594,0.7815174802743636,7.266596826662355,0.15099421977480224,6.435768563406804,0.9521958544017795,0.7172551246895933,0.05586099101943872,0.6015513755535259,0.30850128593675474,2.4535093211969596,0.2555738876246833,1.8901204790387836
Dataset_3772,multi_output,ALL,xgboost,7,3,0.9700437647128078,1.702311643923436,0.009623016641737907,0.8080826865237336,0.8835020203140527,1.7897675567579217,0.009738111740344533,1.0541914362532758,0.989834339962248,0.021379796546907588,0.026724745683634483,0.01598054945468903,0.9203878381806596,0.05416296637133971,0.08735962317958018,0.043142246944563714,0.9810747304594464,0.7621089136367438,0.036290900649368754,0.5534149696087015,0.9297662642653589,1.5443705293376284,0.09084532525515461,1.3752811976841517,0.9870322400634464,0.07707743284094488,0.02666116666929951,0.05727173351419389,0.9553030908454399,0.149651893326668,0.0712628063460324,0.11484925787789482,0.9544137903954184,3.6484034274455017,0.056652227134246926,2.7522852404364224,0.9657368295665328,2.8547252117460187,0.05479844921289987,2.2362987409319226,0.9378637226834803,0.7689402273207976,0.054767822458746264,0.6614609396046606,0.646316078712272,2.335909641563381,0.18717224692014273,1.5013857378278457
Dataset_3772,multi_output,ALL,xgboost,7,4,0.9748106876990145,1.2844794146658143,0.00698846253898702,0.6702505470941806,0.6520486746442012,3.7267081671257105,0.021934715521634555,1.262126013571875,0.9864968617285126,0.02608203157708923,0.03260253947136153,0.01798514721722438,0.9260140843157129,0.0357617029751875,0.09410974467154604,0.031532220329557145,0.9802185422561587,0.8425404612865977,0.040120974346980844,0.6403066700902479,0.9688249837054173,0.6260307425042869,0.056911885682207904,0.5870404924665179,0.9900455610974932,0.07434298804133392,0.025715319280987175,0.06276276174084897,0.5326718252982167,0.2130291054340642,0.24542523667518934,0.1659165207999094,0.9796260423286454,2.598030377059031,0.03643801370349273,1.9554284878434804,0.42156125949274104,8.207965709146153,0.21771792331952666,4.493710763113837,0.9376664310842628,0.8852081180335717,0.0630490112559524,0.6747696685791015,0.41117122040891796,1.2776904720494922,0.23400924396510842,1.0324300711495538
Dataset_3772,multi_output,ALL,xgboost,2024,0,0.9682145239942335,1.5088284230737279,0.008529273166047076,0.7387180405114381,0.8481459795149837,3.6631386924611236,0.01993110992143818,1.8943899969428784,0.9839903562765189,0.026158268895447444,0.0326978361193093,0.019567090123891826,0.940231982561469,0.043711388225566875,0.08094701523253124,0.03659852139651775,0.9852332509235181,0.6259611803324802,0.029807675253927628,0.4844984327043806,0.7578046105540636,2.627273986322932,0.17515159908819547,2.239595413208008,0.9891577179775191,0.07175650578861811,0.024820652296305125,0.05834708677019391,0.9269883411701109,0.14594181968096817,0.09349251741253561,0.11543655014038079,0.9629699445784096,3.179448924932702,0.04937032492131525,2.3995773969377803,0.8118811475718308,7.635556863058786,0.127684897375565,5.9023254394531275,0.9197213502152021,0.9360875678494074,0.06667290369297774,0.7316001960209438,0.8038238157174447,1.3658032408159084,0.1354963532555465,1.1779940605163572
Dataset_3772,multi_output,ALL,xgboost,2024,1,0.969053229719877,1.6637322995894894,0.009051862348147385,0.7607863473883991,0.9132683218531561,1.9654686958707486,0.011562940909934984,1.2040681667975006,0.9832357071319904,0.02884246292724099,0.03605307865905124,0.01979858453931479,0.9953378027966087,0.009716209961944536,0.02112219556944464,0.006457912496158041,0.9832804243521707,0.762279388201907,0.03629901848580509,0.5572346654431574,0.9417846556971022,0.9882267464440475,0.0705876247460034,0.8556169782366071,0.9903047887523978,0.07072518221658568,0.024463916366857724,0.056792698827283127,0.864368846153119,0.1845273859899729,0.11716024507299864,0.16780609239850733,0.9553841509603712,3.538546050050877,0.049628976859058586,2.5237303740402743,0.9490896476197828,4.076234577598148,0.079926168188199,3.89237191336495,0.9330610774024548,0.8554612033349234,0.06662470430957346,0.6463754140919653,0.815760656999168,1.2995810006801618,0.13537302090418352,1.0980879374912806
Dataset_3772,multi_output,ALL,xgboost,2024,2,0.9756818768081974,1.1876971103382123,0.006461899403363505,0.6016752706527709,0.7858117366323135,4.3047369587134305,0.024359081930248022,1.9804590748650681,0.9839125901432546,0.027599807564820736,0.034499759456025916,0.019960128356670503,0.9243797681980541,0.0406513659718592,0.09033636882635379,0.03760204928261894,0.9811423283159932,0.8066122410867784,0.03841010671841802,0.5951532824286099,0.8491214002267351,1.308438089541093,0.11894891723100845,1.1728581019810267,0.9843587604971795,0.08625519391820596,0.02983576406717605,0.06532399841834763,0.8895695989839124,0.17625879795645352,0.10947751425866677,0.11348815863473075,0.9800857671477947,2.4356961177507586,0.03416123587308217,1.775987233129041,0.6140922792842218,9.24559150174907,0.2196102494477214,6.524982997349326,0.9489099379367654,0.679471512409509,0.04966897020537347,0.5519517109311859,0.6518956364686439,2.329830309223785,0.18145095866228853,2.053364067077637
Dataset_3772,multi_output,ALL,xgboost,2024,3,0.9679459034758023,1.2042273197598292,0.0065521917392667136,0.6114596899928721,0.8002855572626487,4.2016074725187575,0.02612939970471864,2.14874849922657,0.9760713549079345,0.02731928367894469,0.044063360772491435,0.02336072792266977,0.8448562745303404,0.1148493920898149,0.1435617401122686,0.08404270572321756,0.9904516060268145,0.5072432595904235,0.028180181088356862,0.40019620698073816,0.8492479965480724,2.3519514355607005,0.14699696472254378,1.658249991280692,0.9769104185039733,0.08835896385233244,0.03535772863238593,0.07206845724171604,0.9628977801076741,0.185442492146381,0.06414475688217952,0.15369024985177177,0.9773984136929471,2.481103221086008,0.03828862995503099,1.8382731470568445,0.6383231759849785,8.911006928705449,0.184492897074647,7.299464896065849,0.9188977242473422,0.9105463307501928,0.06485372726140974,0.7233999107623922,0.7061025591421782,1.8116918684472512,0.17353370387425782,1.548294653211321
Dataset_3772,multi_output,ALL,xgboost,2024,4,0.9713238127007546,1.6285048218236298,0.0088602003363636,0.7691938197546992,0.8498052071900994,2.7371218529958248,0.015573950799407254,1.3879705458300455,0.9914906534950165,0.019953579665292022,0.024941974581615026,0.015674075217082577,0.9145227949997958,0.051057617543621404,0.10637003654921126,0.03516897082328795,0.9874111417962167,0.6316024117880549,0.031580120589402745,0.5116487700363685,0.8889653652273419,1.8151536672984567,0.11344710420615355,1.3090951102120536,0.9845480141590265,0.0887668162302894,0.03070453691812155,0.07685458755493167,0.9744931249352368,0.08399011617235685,0.05478807317179184,0.06738487461635044,0.961598069029608,3.4686914544073653,0.04864924900992097,2.505017626532193,0.8295340397703506,5.71819957679426,0.12430868645204912,4.564480154854912,0.931571185023905,0.9061567568879939,0.06454107955042691,0.7367740394329205,0.6415107110177722,1.2070334439672858,0.19468281354311065,0.9637236186436241
Dataset_3772,multi_output,ALL,xgboost,99,0,0.9768866374611747,1.0445682547102129,0.005683487973829985,0.5448979728877547,0.17181355954609032,5.284480811510629,0.03286368663874769,2.059683454173803,0.9814326695145577,0.02990170052274675,0.037850253826261705,0.02082918680139951,0.9029011185665158,0.05072855076523723,0.10568448076091089,0.04601087495684622,0.9951935175905371,0.4126805029510207,0.019651452521477177,0.35651261465890066,0.6371590144117363,2.2937293412758675,0.20852084920689704,1.2967872619628906,0.9849482962082744,0.08638387432334659,0.030928705450535842,0.0697895541872297,0.9640005555095472,0.10455884491111087,0.05834756970486095,0.07881180191040038,0.9875954546153315,2.1117187285128596,0.029617373471428607,1.54082139151437,-2.1130882903350625,11.515969831858438,0.5483795158027828,7.7813991546630845,0.9352632493771734,0.904210552048892,0.0644024609721433,0.7365371172768731,0.4680953995777154,1.3177351171251441,0.2593966765994377,1.0954081773757935
Dataset_3772,multi_output,ALL,xgboost,99,1,0.9745687182907204,1.6187522513544388,0.008807139561231985,0.7277885154732342,0.8282987976002845,2.1474629594981787,0.012216070080767841,1.2728705185413358,0.9830793081948773,0.02680139087261861,0.03350173859077326,0.019670396611608312,0.9863166269408741,0.02285174383582289,0.036857651348101435,0.019237403018133974,0.982411321650608,0.7048045479691519,0.03356212133186438,0.5524376178609913,0.9405201516578124,1.4365189087294044,0.08450111227820026,1.115370614188058,0.9900610573910831,0.06595795452074607,0.02281492719500037,0.0504924524241481,0.902992837161988,0.23116743565279274,0.09712917464403056,0.1835599812098913,0.9587200460565359,3.488430445014746,0.04892609319796278,2.4471282432819232,0.9422898527783428,3.9325738598186395,0.081928622079555,3.504284711565288,0.9585718581604976,0.6563757075519122,0.04675040652079147,0.5692138671875,0.36937451946240485,2.3399362146252543,0.24374335569013067,1.5418998827253068
Dataset_3772,multi_output,ALL,xgboost,99,2,0.9661330228830145,1.3912094092195397,0.007569148037103045,0.7244900417484086,0.5594183619908693,5.086754529621424,0.029142105583623165,2.283894620445796,0.9879279038451504,0.021051793032031942,0.03238737389543376,0.015431058304063197,0.8940768365948828,0.08020190911110953,0.1069358788148127,0.06254841361727034,0.9882685032249604,0.5691523393489726,0.03161957440827626,0.4753857316641972,0.8647062065702663,2.210688388358023,0.10527087563609633,1.5925663539341517,0.9781471280856356,0.09313243007581523,0.03586154411852723,0.07180073402667868,0.9551536445458595,0.16378984033885827,0.05864297899708497,0.13044529451642703,0.9730592540325295,2.8574900303276562,0.04007699902282828,2.193592581913389,0.41510241456400665,10.905843933998515,0.24343401638389536,7.848734392438615,0.9032623252267966,1.0858257757001595,0.07733801821226206,0.8662401028337151,-0.3319472923206688,2.3489409745551004,0.39149016242585005,1.785178647722517
Dataset_3772,multi_output,ALL,xgboost,99,3,0.956487024899921,1.690084847901353,0.009613679453363782,0.781651553605343,0.8915556162214087,2.5346828063039664,0.013797946686466884,1.4144665705135882,0.9863295052543958,0.026441765622939102,0.033052207028673876,0.018642215584886483,0.9641018941007562,0.022227801409014158,0.06350800402575472,0.019101318972451327,0.9806448475799012,0.8392462253188239,0.03996410596756304,0.6492612115268049,0.9267308028446096,0.854225609589278,0.09491395662103089,0.6835817609514508,0.9873146635741665,0.08254805791896196,0.028553461749900366,0.06871698997760645,0.8940746197775347,0.13580107863378424,0.10066796044016621,0.10749899183000851,0.9422093600616268,3.571684071520662,0.05642470887078455,2.4363258203966875,0.9491363964077032,5.073553213972669,0.07829557428970169,4.278426470075331,0.8859367480295154,0.9017534492459323,0.08349568974499373,0.7353115305407296,0.723734367976439,2.373500585140142,0.16905274822935484,1.9837243107386995
Dataset_3772,multi_output,ALL,xgboost,99,4,0.9723910020807626,1.2992987305571042,0.0070690899377426775,0.6760540200373224,0.8582386738418742,4.148574281303003,0.024410557701106228,2.2875089384692053,0.9820117370321438,0.026826617550141145,0.033533271937676426,0.017566976238941323,0.9407898422605537,0.0591744558612657,0.0986240931021095,0.05130229830741884,0.9864321055325139,0.6170412981750847,0.02938291896071832,0.4769039811759159,0.9097125525972746,1.9977671774743784,0.12486044859214865,1.7211826869419642,0.9864615520272901,0.07850924218588858,0.027156431057035135,0.06497244131154035,0.9870218083311469,0.08174312521290694,0.04423329286412712,0.07583237402779718,0.9725112553571382,2.712769166729691,0.04186372170879153,2.1819058753704215,0.7921201219060504,8.864907835457162,0.15417231018186373,7.876889256068637,0.9345383604547276,0.8331542906363938,0.05934147369205084,0.6389208260897933,0.6615490441143461,1.8615839105863177,0.178312635113632,1.7123380770002092
Dataset_3772,multi_output,ALL,lightgbm,42,0,0.9649386780783281,1.7946174126367673,0.00976396851271364,0.8536518246668873,0.6500451834934766,3.5883517460745886,0.020554197193691077,1.5703543245289155,0.9790652186641481,0.030558841346178933,0.038198551682723667,0.024223581685028202,0.9790207159003989,0.02920062975559198,0.05509552784073958,0.025843672146495366,0.9621480920498584,1.01151383902043,0.0505756919510215,0.7158134585908351,0.9135179891000925,1.853728311228755,0.11585801945179719,1.4539099854517215,0.985071430658538,0.08392544063780395,0.029029899909306107,0.06666347909555527,0.9368444705161802,0.16113173041031606,0.09319359769249048,0.12285093607560682,0.9513876316204418,3.795848105983927,0.05323770134619814,2.906909497294987,0.779491507085357,7.451468372544035,0.1592194096697443,4.549299290916636,0.9470210173986546,0.8146519969245405,0.0580236465045969,0.5546491066680306,-0.3586487651346455,2.322463260760984,0.3317804658229977,1.6998677380541174
Dataset_3772,multi_output,ALL,lightgbm,42,1,0.9459678107830765,2.042143453722572,0.01161628813266537,0.7784157660302993,0.8976090739638034,2.879680384220185,0.01566831919157835,1.7037645173796974,0.9855697214708647,0.025582153746801232,0.031977692183501535,0.018312024307891365,0.8976769665867154,0.0620471750085815,0.11932149040111827,0.05565387444093121,0.9763943619075106,0.8574539117032497,0.0408311386525357,0.6592993157150029,0.8597942690137305,2.0100283892431774,0.13400189261621182,1.713144427765485,0.9799675008771154,0.10068012455078021,0.0348253630407403,0.07365785071107724,0.9466423247048161,0.12151907147733794,0.08994749924303326,0.09155495330377939,0.9190951957859863,4.3663888288178425,0.07687304276087752,2.41046444741438,0.9315728450497216,5.876894950579987,0.08242489411753139,5.445763575963034,0.8688122738739064,1.0199901365794852,0.08499917804829045,0.7303451920031447,0.8523589644640329,1.6929472685046147,0.13565282600197234,1.2127057554252585
Dataset_3772,multi_output,ALL,lightgbm,42,2,0.9561673255310232,1.524908704830998,0.008296565314640902,0.8277140543893926,0.5435212599008745,5.166258526150834,0.032154468949715784,2.0891454733837005,0.9683652213127153,0.03283138133943798,0.05211330371339362,0.025355597073289264,0.800138502314327,0.1075522850957511,0.16052579865037478,0.08482998362149806,0.9550886350366149,1.1003838316279446,0.06113243509044137,0.8231975984149118,0.9594612203073516,1.1782386744478275,0.07363991715298922,0.9357132960115544,0.9719470562125413,0.10447152079636825,0.040227770811077486,0.07547065625951802,0.9187325740390163,0.20979454538582587,0.09605977352830858,0.13449498029674573,0.9722114966473662,3.0669578441577916,0.043014836523952195,2.474322284942682,-0.5461560507644803,11.362784228184001,0.4370301626224616,7.923846652959968,0.913224218445879,0.9988321166939866,0.07114188865341785,0.7402241352565623,0.585430053608158,1.7013061921936132,0.20253645145162066,1.3668424540287358
Dataset_3772,multi_output,ALL,lightgbm,42,3,0.9557271707638471,2.1337281265534265,0.011609598599235141,0.868979159751205,0.6665953647156609,2.538044771051522,0.014437114738632092,1.3501735535813182,0.9853376143780103,0.02595175155041443,0.032850318418246115,0.020434538066585822,0.8382830162887476,0.043587205966276174,0.12453487418936049,0.035977457712081516,0.995597606694628,0.3952792708910064,0.018822822423381257,0.34533542860196886,-0.23406084160664586,2.8388682327902157,0.40555260468431653,2.101193254974226,0.9811232116888788,0.09589695753493843,0.03433475028103776,0.0723673879554363,0.9018713950923564,0.1191818434896492,0.09153751420095942,0.08809373887610457,0.9310139569039411,4.615224477671995,0.06472965606833092,3.0596085776090733,0.8750395855911132,4.874824997580465,0.11055278370746037,3.9558352415324043,0.8855634641537766,1.1391076283890467,0.0811330219650318,0.8471498665229608,0.9518436682127334,0.6075858316217534,0.07337993135528423,0.5697680748117746
Dataset_3772,multi_output,ALL,lightgbm,42,4,0.9700846072122948,1.5210780369940968,0.008275723813896066,0.7195623691282608,0.7848817854523713,4.791462214639494,0.028198341658659924,2.1484073214600343,0.9805764443126457,0.03031832315417404,0.03789790394271755,0.0236428199038391,0.8866247801137807,0.058276635803653665,0.10595751964300668,0.0497493092847438,0.9688598327695613,1.0340964966317692,0.04924269031579853,0.6785888676083937,0.895421971105568,1.408846444260895,0.09392309628405966,1.1715760430803357,0.9801530877140017,0.09497533748131973,0.03285207107620883,0.06935229640829153,0.8904083590792502,0.23804210723966387,0.1021201661259819,0.18245444470811353,0.9622339817135079,3.174860123941469,0.04452819248164753,2.4190778671352406,0.7214595238025647,10.336692756845093,0.20268025013421756,7.326245540926637,0.9585996895517578,0.639812540312212,0.05126703047373494,0.407149994585539,0.5304942931606926,2.42866735218513,0.2409392214469375,2.0120112693003405
Dataset_3772,multi_output,ALL,lightgbm,123,0,0.9540650419609047,2.1990127487237237,0.011964160765635057,0.9069793755639584,0.9009371079409064,2.3888442737478135,0.013596154090767294,1.3324222085855681,0.9897939639990897,0.021883806584348152,0.027354758230435188,0.016058630918219886,0.9534336262418336,0.03848792025067959,0.07697584050135918,0.02470983858489466,0.9630698532454773,1.0964095770664037,0.05220997986030494,0.8294002844704019,0.9398268146796067,1.2772068923220845,0.07512981719541674,0.8997203274157215,0.9839834650312719,0.09005747809199052,0.031150978240052064,0.06299013653027119,0.9556798007130411,0.12079677368493869,0.07233339741613096,0.10007408890643688,0.924607252127692,4.695471865420237,0.06585514537756294,2.9618052420937695,0.9135425397402703,4.86548221594906,0.08565989816811725,4.519611617241651,0.9088706754009932,0.9592320341087898,0.07470654471252255,0.6646425838071289,0.7422027583297803,1.7923830508680527,0.1493652542390044,1.1179951707791373
Dataset_3772,multi_output,ALL,lightgbm,123,1,0.9620273765294591,2.1460244075473773,0.012131285514682743,0.8564099948223275,0.7802436022785586,2.4223648994705305,0.01318293822841105,1.4969080054384314,0.987205971974531,0.02490369312836003,0.031129616410450034,0.01917768817533288,0.901360753753439,0.04428895876194569,0.13420896594529,0.04088570934605162,0.967853417121623,1.0006226313233864,0.05003113156616932,0.6681825524333401,0.8765756724390388,1.770160049755883,0.12644000355399163,1.4891365933829823,0.9800665795864127,0.09944745716581249,0.03439898207049896,0.0751293581284897,0.9066728020176075,0.1662833364692671,0.11365915001316958,0.11294576274992998,0.9202162231995633,4.640404538818399,0.07205597109966459,3.0466087592961,0.9442670463450635,4.404249190359898,0.07364965201270732,3.6839799430172633,0.9547946907651663,0.6942577792680822,0.04944855977692893,0.4729516160783746,0.2723417368376445,2.6036069861907407,0.28177564785614084,2.157592018695929
Dataset_3772,multi_output,ALL,lightgbm,123,2,0.9542571925239333,2.1415082457949817,0.011651296223041249,0.8924792630806412,0.8272957004130991,2.2780311684790493,0.013400971636443612,1.3386707355050569,0.9746922370822906,0.03318166817705329,0.041477085221316615,0.024687499985521374,0.9368385061324411,0.05359024590217455,0.08643588048737831,0.04935959000049074,0.971626040724054,0.9178122511825139,0.04370534529440542,0.655942773700571,0.8657232800346921,2.264932398752669,0.13323131757368642,2.0031875085876476,0.9754548949938298,0.1056457496388852,0.03654297808332245,0.07296118462390473,0.9269747671220164,0.19393835191937334,0.08148670248713166,0.11775549432673886,0.930615108889872,4.601572092766284,0.06453817801916248,3.0231530439529783,0.914085558324726,4.051724072065872,0.09601241876933347,3.199004819827859,0.9188976809296203,0.9493053951039815,0.06761434438062545,0.6856518131402306,0.4928563904516201,2.088123391213144,0.23514903054202071,1.3240462647825482
Dataset_3772,multi_output,ALL,lightgbm,123,3,0.9709313146239372,1.3249298121787403,0.007208933087647534,0.698313545623701,0.7135114908166482,4.919687389149146,0.028176903717921798,2.361915397834212,0.9736335398076819,0.03195906939435898,0.04045451822070757,0.02304875798368835,0.9713650708679763,0.043113649251357404,0.06632869115593448,0.0382885098534823,0.992004750281832,0.49500425325892455,0.023571631107567836,0.3950855629085996,0.7874513054209868,2.6866298886830053,0.17910865924553368,1.920603979089019,0.9830987333375375,0.08604476246996036,0.030807290537042745,0.06433677667088951,0.937948785936149,0.18943424720725172,0.08960938846133001,0.14498204678121965,0.97169555852599,2.786195240139827,0.04299684012561462,2.3754006905061584,0.638516586666638,10.524602597826426,0.16947830270251893,8.468199671577812,0.9342239911666447,0.8722710735847231,0.06212756934364124,0.6336959400491693,0.232275705191491,1.7302126785627676,0.2942538568984299,1.2375027818695263
Dataset_3772,multi_output,ALL,lightgbm,123,4,0.9568469795001757,1.1023496855913726,0.005997549976013997,0.6092774752811174,0.7913831124191232,5.500027009307315,0.03111402958254973,2.239549805183967,0.9717849247691794,0.034231337800721476,0.052663596616494585,0.028144854032737695,0.8460057240274376,0.08604822024880515,0.1284301794758286,0.06954280114348273,0.9714879790440689,0.9589078163193223,0.05046883243785907,0.6558448076002047,0.8771149993411136,1.7041415982833723,0.10650884989271077,1.403971679739117,0.976643096817036,0.10081281369440359,0.03881895020962787,0.07547212802266082,0.9469489995542637,0.16809559768003732,0.07696684875459586,0.08512722206681124,0.9868275614842822,1.9912261850467923,0.027927435975410832,1.5311766532976658,0.37006128147977035,12.128161960712616,0.268351852211807,8.697415852148216,0.8774913353863124,1.0863025446486296,0.07940808074916884,0.7557489334523183,0.9167845576930309,1.1042707806992813,0.09585683860236816,0.9416914708222084
Dataset_3772,multi_output,ALL,lightgbm,7,0,0.9603515631591861,1.3122104834407833,0.007139338865292618,0.7333640927150101,0.7651487765995463,4.9984505083255275,0.028445541249291644,2.3881465103150967,0.9697759578456306,0.03305161508671146,0.0524628810900182,0.0264295907725606,0.8712899701999064,0.09013778692163964,0.1251913707244995,0.06264813246696743,0.9682602528107278,0.9599084817850344,0.0505214990413176,0.7344529364036693,0.9270748327794933,1.6561008305455758,0.09200560169697643,1.3380586752847279,0.9675469454377092,0.11218872658596094,0.04319935563571849,0.07969759046047734,0.9266248329574367,0.22816469077619767,0.08691988220045625,0.15752584378946777,0.9740952295208632,2.6003728992291513,0.040129211407857274,2.1196403505723103,0.674307885081386,10.867954559642719,0.1716896454919861,8.869125894721005,0.9220794301809994,0.9552170099921684,0.06803539957209176,0.7065999953660332,0.42644636197950947,2.0018109807765967,0.21664621004075726,1.5133740053133162
Dataset_3772,multi_output,ALL,lightgbm,7,1,0.9536294691525381,1.7282669577228535,0.009403487446122497,0.7909652640313807,0.8566287408961829,4.027464708678112,0.022766900557818607,1.7837099139583112,0.9824844784382257,0.027115991947241284,0.03432404043954593,0.021002122005061644,0.9639784631906947,0.04326384075976118,0.07210640126626863,0.03947968030551319,0.9878058462960788,0.6203378689898077,0.029539898523324178,0.4891822978372416,0.7723872291460065,2.5097480045793654,0.16731653363862437,1.273866899565462,0.9861654509410364,0.07896881725788887,0.02827383360468632,0.060707419491393286,0.9340495186218742,0.18743733035987267,0.08929839464500841,0.1374655314855135,0.9515541334735204,3.6517038973071663,0.05121604344049322,2.598600187645823,0.7333271447114684,8.527739484386402,0.20255913264575778,6.435088845686518,0.8601374366138288,1.099000277230848,0.0803362775753544,0.7853342931773833,0.8794013488108708,1.429748098601866,0.13092931305877892,1.0326486127485508
Dataset_3772,multi_output,ALL,lightgbm,7,2,0.9574238439514613,2.1641236512362574,0.011774339778216852,0.9173120248776232,0.8438190359530419,1.8187790406973632,0.010884049194801852,1.0787038129370212,0.9796615757019805,0.030309696098809603,0.037887120123512,0.025606231010267554,0.9717091226147524,0.03132185090219023,0.0614153939258632,0.026597811291208407,0.9643646645985492,1.014259025515661,0.05071295127578305,0.7411058098549682,0.9019502686415921,1.800456658629834,0.11252854116436463,1.5377225709762226,0.9848720247005052,0.08445297972214892,0.029212376244257668,0.05954412112439891,0.8950962066718792,0.18101538993249727,0.11807918456131594,0.12193706916509546,0.9212494225210921,4.658550064329789,0.06533730805511626,3.117210626278265,0.9636040455372966,2.9658506211158766,0.061628064854355895,2.3388043526293103,0.9369715322351789,0.8235865668113717,0.06414225598219404,0.643093336120216,0.4867355362996886,2.1137938116774335,0.220186855383066,1.36845726062327
Dataset_3772,multi_output,ALL,lightgbm,7,3,0.9401238078950556,2.1131184104659213,0.011945270833611766,0.8527515802868436,0.8502098701816989,2.5011462968377813,0.013608718084976231,1.43591034140358,0.9862782169110628,0.02483939719166969,0.03104924648958711,0.017370749974060153,0.9174249612482895,0.05516163447321794,0.08897037818260958,0.043535428803715304,0.9722301198270736,0.9231728151794556,0.04396061024664074,0.6082256517402413,0.91379373753211,1.710992197805235,0.10064659987089618,1.4625252540046927,0.9792896443711819,0.09740663459096889,0.033693059353500136,0.0704517464415935,0.9066079126268841,0.21632091474783635,0.10300995940373162,0.17388444391743324,0.9320048617236222,4.455793382582735,0.06918933823886235,2.6168155683112047,0.906521751846104,4.715261899118485,0.09051275360626712,3.8363487309963853,0.8308161966423373,1.2688180800179605,0.09037165812093735,0.9508941849671184,0.6067009876551073,2.463257471037648,0.1973763999228885,1.663257849295674
Dataset_3772,multi_output,ALL,lightgbm,7,4,0.9692021140588812,1.6248900758282814,0.008840533600806753,0.793289978172183,0.3910247974620684,4.613881713671735,0.02715645505398314,1.892759532412196,0.9857213942931412,0.026820505531142354,0.03352563191392794,0.021681095357525652,0.8921266582458522,0.04318179899688538,0.11363631314969835,0.03290543758626965,0.9699810801978818,1.0379086947005471,0.04942422355716891,0.6606592490125791,0.8734073113183569,1.261527226589411,0.1146842933263101,1.135021599787324,0.9805398977376227,0.10394513770905904,0.035954734593240764,0.0763387857215292,0.7328288061362525,0.16107301083190265,0.18556798482938106,0.10244742085018872,0.9655554453639256,3.378055742883758,0.04737806091001063,2.639009247792353,0.14009261379239746,10.007663339958421,0.26545526100685474,6.657531617734948,0.9442127527018348,0.8374364458816942,0.05964647050439417,0.5687615129769282,-0.6833314021825168,2.1603093960854265,0.39566106155410735,1.535891586102249
Dataset_3772,multi_output,ALL,lightgbm,2024,0,0.9599878067386468,1.797451744430213,0.010160835186151572,0.8645057699112844,0.7603707148250666,4.05956930978265,0.022088085912087982,2.038258281942009,0.9841183007567292,0.026053534533247436,0.032566918166559294,0.020389451499774336,0.8842536755537466,0.060829434455970235,0.11264710084438932,0.051088687039876346,0.9704726479046741,0.8851506743918564,0.04215003211389792,0.7279360798574365,0.6523562399678131,3.147673293230625,0.20984488621537498,2.5373371760531604,0.9883137912965836,0.07449682290418944,0.025768530925004994,0.05966496899063199,0.7821559392942331,0.25209051820391504,0.16149296489680648,0.21991397852142625,0.9473285667161425,3.7919468379227395,0.05888116207954565,2.8236675364070707,0.7752738446087417,8.34548087731137,0.13955653640988913,6.113924560354514,0.9097057270191047,0.9927652121639637,0.07070977294615126,0.6908708128015079,0.7078138747007985,1.6668433701743826,0.16536144545380782,1.2690270077410672
Dataset_3772,multi_output,ALL,lightgbm,2024,1,0.9551674781767365,2.1902666580233627,0.011916575941367587,0.8787383625579445,0.8587510353395205,2.0638652173167067,0.012141812079754717,1.1213077958188928,0.981147914789268,0.03058577014937949,0.03823221268672436,0.02620007376196831,0.9220354567108472,0.039732888718905485,0.08637584504109887,0.034078723167674546,0.9713235778273857,0.9983068110628488,0.04753841957442137,0.6528609033420417,0.8394849919633703,1.6409512958118917,0.11721080684370655,1.1745275083387514,0.982321353110609,0.09550364508003839,0.033034813241106326,0.06840318566190738,0.8855913793848645,0.16947688620616985,0.10760437219439355,0.13124115474744638,0.9212431114193196,4.7013712366619105,0.06593788550717967,3.035268973430363,0.9516542990150982,3.972236044805948,0.07788698127070488,3.0040572002234853,0.9198014337371004,0.9363630368390894,0.07292547015880757,0.6109586765934422,0.6949890496234225,1.6721293933073085,0.17418014513617797,1.262634392617106
Dataset_3772,multi_output,ALL,lightgbm,2024,2,0.9634797425849383,1.6242890471014995,0.00883726358597116,0.8297842356938332,0.7794831803901395,4.607024060855957,0.02606962460873674,1.886091177943793,0.9846575960844045,0.026953160465522492,0.033691450581903114,0.020069357171230463,0.8905989022622538,0.04889528491469662,0.10865618869932583,0.04405221796946174,0.9674102646640752,1.0603791755060266,0.05049424645266793,0.7451823714222422,0.9113139821311029,1.0031524385666313,0.09119567623333012,0.8255071153382018,0.978010711756034,0.10227164911459023,0.035375873093943355,0.07903757319924323,0.8903835255677369,0.17560803944888093,0.10907331642787634,0.10024738472888586,0.9617901664707151,3.3738742078156614,0.047319413854357104,2.7011139821968295,0.5498631939903209,9.985394554202637,0.23718276850837622,6.442261150026853,0.9255299739494632,0.8203398159221524,0.05996636081302285,0.6035178944796207,0.6552562979992833,2.318556735562171,0.1805729544830351,2.018388021655563
Dataset_3772,multi_output,ALL,lightgbm,2024,3,0.9573332663954149,1.3442141293271292,0.007313858911405024,0.6708578669770917,0.7758217446897826,4.71401785256696,0.02931603142143632,2.122354739392931,0.9610480534181541,0.03485578247461993,0.056219003991322465,0.026757324425316722,0.8581739869495904,0.10980940541553998,0.13726175676942495,0.08101358769490472,0.9898876119452875,0.522008990879212,0.029000499493289558,0.4023135741074247,0.815875922592319,2.5992741968849784,0.16245463730531115,1.7481975639750666,0.9703502282170676,0.10012747428959633,0.04006701652244751,0.07262864606295523,0.9545218878996442,0.20531019785610388,0.07101701759118087,0.14952659422885844,0.9718677792206715,2.7680719875336957,0.04271716030144592,2.0691150481112093,0.5396457936438772,10.053389273521695,0.20814470545593572,7.420431641378989,0.8935126591758935,1.043360808161038,0.0743134478747178,0.7834747421785524,0.7108911323634826,1.7968719913186677,0.17211417541366553,1.2126043096868357
Dataset_3772,multi_output,ALL,lightgbm,2024,4,0.9575394542329217,2.170222753738361,0.011807523143299026,0.9166477613255377,0.838662869674514,1.8716707426164778,0.010649620157135008,1.0570810643322723,0.9849784127662173,0.02651127575541699,0.03313909469427124,0.020358350929454143,0.9673935726759697,0.03153457609757408,0.06569703353661267,0.024029953138369847,0.9643201842171931,1.0633149266834032,0.053165746334170164,0.7248901349562608,0.9578126569082456,1.1188587193135227,0.06992866995709517,0.9025469777558044,0.9807843631204012,0.09898876006681594,0.034240318252098216,0.0702584468670555,0.9785051488490095,0.07710220094218555,0.050294977783552235,0.04742434554126022,0.9313020017292515,4.639393187494847,0.06506862815560796,3.080906491341036,0.9287890983937627,3.6958447243723174,0.08034445052983298,3.237360383952457,0.9263123093315453,0.9403321755504791,0.06697522617880905,0.6868253825338824,0.36081387154558264,1.6117396205647543,0.2599580033168959,1.0740436612734694
Dataset_3772,multi_output,ALL,lightgbm,99,0,0.9708399371529823,1.349896848581559,0.007344778543890087,0.7000330394767303,-0.008886683860807997,5.691903747833727,0.03539741136712517,2.283334573936434,0.979008772160053,0.031793627012259414,0.04024509748387267,0.025200631616953715,0.8776288628401555,0.056948834433323124,0.11864340506942317,0.04803338585093215,0.9934126627580036,0.4831202279451459,0.023005725140245042,0.39723685740891873,0.5090712161441427,2.6680456079141393,0.2425496007194672,1.7801091921562975,0.9820293475425784,0.0943890835389062,0.03379487416358977,0.06830514442760968,0.943108238810431,0.13144303139269597,0.07334990591110263,0.08987594014523015,0.9780846333724086,2.806855244147634,0.03936683371876065,2.3112825893170132,-2.573619412207232,12.338402933930634,0.5875429968538397,8.298335640021236,0.921664269931868,0.994658664564568,0.07084463422824558,0.6981399746131561,0.19937767510846238,1.6166838302015456,0.31824484846487106,1.2003187115084748
Dataset_3772,multi_output,ALL,lightgbm,99,1,0.9608205286859743,2.1396073901446786,0.011640954244530351,0.8793446303946449,0.8016480168097825,1.949324397983318,0.011088937925839456,1.174032882359145,0.9785217734893589,0.030195865622517176,0.03774483202814647,0.022607112190124345,0.9431094850915929,0.04659536257881739,0.0751538106109958,0.04248918927064903,0.9701589862427578,0.9180342429879585,0.04371591633275993,0.6356194832528353,0.8946716293064298,1.9116091638960115,0.11244759787623597,1.6633290137237537,0.9831201375946834,0.08595705717612187,0.029732638248399126,0.05586838685197639,0.8394704234090573,0.29737351341937635,0.12494685437788923,0.24441010011116848,0.9271771986541479,4.633339854134951,0.0649837286694944,3.126115024442609,0.9635711618246219,3.1244491231348968,0.06509269006531035,2.3639248460896414,0.9451245474489237,0.7554293074906347,0.05380550623152669,0.5565131452356803,0.36741738441721083,2.343564377186651,0.24412128929027616,1.5560112626005131
Dataset_3772,multi_output,ALL,lightgbm,99,2,0.9664534326117089,1.2895533184484103,0.0070160681090773135,0.6977944303509415,0.6599760314876526,5.063050356994723,0.029006303964449857,2.2551952363538077,0.9762868191664699,0.029504798653148145,0.04539199792792023,0.023150396040079117,0.8885129089802443,0.08228137241004997,0.1097084965467333,0.06314828551156945,0.9543761146298266,1.1224007447020377,0.06235559692789098,0.852191753745604,0.9842393147405606,0.7545293560674142,0.035929969336543535,0.6030824131883463,0.9795940413949467,0.08999640792519158,0.03465398841940376,0.06484628400179758,0.9376961863988261,0.1930548414631858,0.06912096006558749,0.14853800248457955,0.9790457598937837,2.520088969482584,0.03534486633215405,1.953951989950972,0.3910715708683389,11.127625203747364,0.24838449115507502,9.004360132052492,0.9429644279735174,0.8337488070204672,0.05938381816385093,0.594831728016255,0.09836017645029338,1.932614024326339,0.32210233738772315,1.456847348532051
Dataset_3772,multi_output,ALL,lightgbm,99,3,0.9409957861555942,2.1552768889904215,0.012259823031799894,0.8790342931163696,0.8530192351300434,3.1693566015381136,0.01725289385703927,1.7264663130864002,0.9862128725682129,0.02655432278448311,0.033192903480603886,0.021659415717847665,0.846413274686381,0.04597667721780133,0.1313619349080038,0.03274048992315599,0.9681295993850701,1.07692351508159,0.05128207214674237,0.7469534174673801,0.9138525609848048,0.9262603133845969,0.10291781259828854,0.6607510260965321,0.9836181209362593,0.09380753480978285,0.03244812687989722,0.07022073678479429,0.8829241971086879,0.14276993968862087,0.1058339063666574,0.08754760621591132,0.9045202332860683,4.590922482567446,0.07252642152555208,2.872143912918898,0.9142785969807133,6.58647870751203,0.1016431899307412,5.748428508360332,0.8624981046023603,0.9900777025852944,0.09167386135049023,0.6841939826929281,0.7076275458896301,2.4417103217578355,0.1739109915781934,2.1028639348360696
Dataset_3772,multi_output,ALL,lightgbm,99,4,0.9568805259643571,1.7591778393945108,0.00957115255383303,0.8359190898184743,0.8875367753347183,3.921723908761724,0.023075751154820384,1.8418575727259843,0.9837867117626743,0.025468704569014233,0.03183588071126779,0.018882967913974195,0.937301188459804,0.060892782334462596,0.10148797055743766,0.05198679081971832,0.9717703179246248,0.8900430168890873,0.04238300080424225,0.6408027497713489,0.9089217179842417,2.006497399247349,0.1254060874529593,1.847174947834221,0.9777780009218706,0.10058376961037813,0.03479203376353446,0.07710232466799327,0.9914921247849142,0.06618425758240211,0.03581399219826952,0.05475738258619004,0.9490827457141942,3.692052562444169,0.05697611979080508,2.69086757125975,0.8130244910297346,8.407373860137039,0.1462151975676007,6.213074065968103,0.9019848534984218,1.0194797240252786,0.07261251595621643,0.751939835479305,0.7869443544148963,1.4770026264609661,0.14147534736216155,1.042294676421688
Dataset_3772,multi_output,ALL,gradient_boosting,42,0,0.8692786234322842,2.5159110634379798,0.013688308288563546,1.2477746882348837,0.7569590081165277,2.4100881623488872,0.013805064511106009,1.496033003197158,0.9756912229957226,0.03292943081757129,0.04116178852196411,0.024438541299263435,0.9865640759264157,0.023368490303520683,0.04409149113871827,0.020023940686548346,0.9790772688261727,0.7520333991678584,0.03760166995839292,0.5308836937042527,0.8782106938701952,2.1998231657911647,0.1374889478619478,1.9669644340492756,0.9693994738580058,0.12015697386108232,0.04156242610206929,0.08320159851958876,0.9450270739444454,0.15033143660884918,0.08694704257307645,0.13900344865861303,0.916051571711113,4.988175444068455,0.069960384909796,3.764055675612736,0.918852220659071,4.520302737537868,0.0965876653320057,3.941650299185106,0.5061735797704072,2.4871815083735265,0.1771496800835845,1.836293932038579,0.05614097618251068,1.9357480013047754,0.27653542875782505,1.4125228934062466
Dataset_3772,multi_output,ALL,gradient_boosting,42,1,0.8882024241009537,2.5813888472255817,0.014683668072955526,1.300478076641419,0.8691585112932547,2.9792383663791777,0.016210013419550452,1.8100535971162652,0.9947082913418351,0.015491651214917034,0.01936456401864629,0.011193404611886578,0.9168197409087677,0.05594296032031122,0.1075826160005985,0.04599605553602341,0.9496855936006239,1.251840766498427,0.05961146507135367,0.9679953338478238,0.8900844966240333,1.77970813226733,0.11864720881782201,1.670377105472984,0.978055345231027,0.10537571984870568,0.03644957448934821,0.0732440943003603,0.9285740990079427,0.14059628851029057,0.10406831125854225,0.10913664066864204,0.8773879090913973,5.37529001474766,0.09463538758358556,4.17512187642181,0.930718276797313,5.913478560971523,0.08293798823241968,5.487621131799784,0.6411749812398854,1.6869053980584732,0.1405754498382061,1.274835674025214,0.679595943128216,2.4939566075310498,0.19983626662909051,1.7371370521038931
Dataset_3772,multi_output,ALL,gradient_boosting,42,2,0.9114160411164441,2.0196116827046278,0.010988094029949007,1.0681673989881904,0.6279011271276225,4.233086247365436,0.026346463231253104,1.8833225000771965,0.9747443462137282,0.029334998001942114,0.046563488891971615,0.02137986919488828,0.872724427748097,0.08582772527954566,0.1281010825067846,0.07344071190924725,0.9515455207875125,1.1429652809117732,0.06349807116176517,0.9103174399527122,0.9366356431358024,1.47306005819985,0.09206625363749063,1.258876458573614,0.9643178817789898,0.11782406713515581,0.045369298088238655,0.08772229949486347,0.9531825341069488,0.1592354984539021,0.07291002676460721,0.13044653225970976,0.9533987098765248,3.971679525879029,0.0557037801666063,3.2036995209410017,0.006052534351366656,9.11044966406514,0.3504019101563515,6.234093949184471,0.713073746925466,1.8162614905416705,0.1293633540271845,1.1177178653574849,0.37091049629589745,2.095751542823968,0.24949423128856765,1.7197548484589398
Dataset_3772,multi_output,ALL,gradient_boosting,42,3,0.8542754410146977,2.638343791381972,0.014355208615169335,1.2715357308933386,0.47017024746809655,5.063930214129541,0.02880506378913277,2.6892900603497556,0.9886135466929816,0.022869601173784004,0.028948862245296206,0.01913631986026925,0.8157347804961351,0.04652676947416442,0.1329336270690412,0.03746045810606914,0.9953117558650658,0.40791035441724366,0.019424302591297318,0.3023464251031934,-0.17974074185427114,2.7756853810470856,0.3965264830067265,1.9753454758719349,0.9733150972023615,0.11401804459485593,0.040822787180399556,0.06354498849675892,0.660816102567807,0.22157966405134036,0.17018407377215075,0.1824415598619522,0.9097329712283121,5.279305391919038,0.07404355388385747,4.092066661962322,0.37969251799228854,10.861162484799094,0.24631279022109295,9.840768475292773,0.40440383408476677,2.5987132192840505,0.18509353413704063,1.8805842590441502,0.6743485781385236,1.5800012418684262,0.1908214060227568,1.410434332616049
Dataset_3772,multi_output,ALL,gradient_boosting,42,4,0.9565087246861887,1.6579137129668786,0.009020205184803474,0.8793541631527668,0.7803870159609261,3.671035471652775,0.021604493124133563,1.7874195298079183,0.9874605830077747,0.024360123322801585,0.03045015415350198,0.017480756105527285,0.9363547081910006,0.04366349975157865,0.07938818136650665,0.040071918152604184,0.956209727513156,1.2262793651348756,0.05839425548261312,0.8540906765341713,0.9234381788741737,1.2054510007649726,0.08036340005099817,1.0978548084662703,0.9744339145203279,0.10779447175159365,0.03728622336616868,0.07759795387525834,0.8300065812914466,0.29647025390041337,0.12718586610914343,0.21952660019498652,0.9576400282608398,3.3624189721227262,0.04715875136217008,2.6550865208486134,0.8492276723283605,7.604983404126286,0.14911732164953506,5.330871363179578,0.9067993701288453,0.9599759939827442,0.07692115336400195,0.7925149084002637,0.362907939119649,2.829102572499752,0.2806649377479912,2.248772959046153
Dataset_3772,multi_output,ALL,gradient_boosting,123,0,0.9217984978940306,2.716988528077373,0.014782309728386142,1.346538385920503,0.8674240494403044,3.126111403303428,0.017792324435420764,1.7602696629113812,0.9934681946456939,0.01750696796040099,0.021883709950501234,0.012821608571648938,0.9477983367012389,0.040750261945083646,0.08150052389016729,0.028393397930343282,0.9236772056862944,1.576193146576103,0.07505681650362395,1.3331719619013742,0.8749191636310539,1.8414296887036974,0.10831939345315866,1.5656240880185504,0.9643524301021019,0.13435395724334068,0.04647317787732296,0.08344059472650438,0.9156445963692295,0.1666521560437635,0.0997917102058464,0.1284270755596647,0.8878792463580069,5.726080648979757,0.08030968652145522,4.4543981841630815,0.8452549069074867,6.509282137045609,0.11460003762404242,5.665056869327728,0.8396154126780561,1.2725531009872366,0.09910849696162277,0.8488595802399062,0.7535032435925129,1.7526584853460623,0.14605487377883855,1.413846883720619
Dataset_3772,multi_output,ALL,gradient_boosting,123,1,0.9205874441421413,2.7213028179522047,0.01538328331233581,1.3487867729098457,0.7629631245667584,3.567996813262465,0.019417669732040625,2.098562631368588,0.98767702901492,0.024440935239321473,0.03055116904915184,0.018486046638387158,0.916426982396736,0.040766519964959946,0.12353490898472713,0.0338131751245123,0.9328935009682299,1.4457233811122492,0.07228616905561246,0.8414211239097221,0.8158844914361082,2.1620081965403797,0.1544291568957414,1.981600918337323,0.9760113946042681,0.10909510631474709,0.03773611425622521,0.06501655081277836,0.876946910972471,0.1909373438412131,0.13051082969324204,0.1542596630858597,0.8773544958539766,5.753397280845277,0.08933846709387078,4.804171447523142,0.8478426315481241,7.277167102742153,0.12169175757093902,6.207549762600477,0.8290008002693119,1.3502776260841307,0.0961736200914623,1.0148386956651998,0.3577146064803527,2.446108508568645,0.26473035807019973,2.1155896376947676
Dataset_3772,multi_output,ALL,gradient_boosting,123,2,0.9467254456980674,2.2678819019288508,0.01233885692017873,1.0884441238773075,0.8236989581767172,2.181574005550757,0.01283354318225047,1.332961845372747,0.9906440705041487,0.020175058724163156,0.025218823405203945,0.016247505252809373,0.981157446257956,0.02927045237766833,0.04721040706075537,0.0218858639221026,0.9483700539214075,1.2380686186584713,0.058955648507546254,0.9966777387920591,0.906275059800449,1.8922672291193894,0.1113098370070229,1.754029095955892,0.9825806986433793,0.08899896338147673,0.030784836866647087,0.06343912442205643,0.89383468022291,0.2338398703025403,0.09825204634560518,0.1893117536172759,0.9248912059728814,4.787614453289459,0.06714746778807096,3.4311254446064576,0.9207492248783462,3.8914238372150662,0.09221383500509638,3.311082378488661,0.8871411994485201,1.1198427117910736,0.07976087690819612,0.9347308063131554,0.416478379723925,2.239851137219517,0.25223548842562127,1.3885001348798032
Dataset_3772,multi_output,ALL,gradient_boosting,123,3,0.9115876838154252,1.5487176283782753,0.008426560903086541,0.8740072539355308,0.748252091038436,4.322929283272991,0.024759045150475317,2.2867964997057952,0.9813711353741387,0.026863426310270448,0.03400433710160816,0.020661057353126167,0.9755795180389747,0.03981473627238304,0.06125344041905084,0.03095748536637422,0.9932908993309012,0.45344547087811066,0.021592641470386222,0.3693934589559723,0.7381622173835547,2.981911694287042,0.19879411295246946,2.2427577621123516,0.9764298346253786,0.10161226399990807,0.03638104690293881,0.07951658758309134,0.9438765825963288,0.1801587702723805,0.08522174563499547,0.15767861661756186,0.9724845421018481,2.747088326904986,0.042393338378163364,2.308788532296872,0.732453238397908,9.054435267779066,0.14580411059225548,7.658275506489681,0.63436200764486,2.056569399631903,0.14647930196808426,1.5916766334885926,0.3511888987754139,1.590581709387469,0.2705070934332431,1.3443131279430083
Dataset_3772,multi_output,ALL,gradient_boosting,123,4,0.9109103485890258,1.9616280398777564,0.01067262263263197,0.8782572356967465,0.73100021513745,5.681253824059321,0.03213924208892528,2.431134955468203,0.9785492393983146,0.029847269977376602,0.045918876888271704,0.020974138033927246,0.9286849101774792,0.05855720238763553,0.08739880953378439,0.048423661070491675,0.9707069493186365,0.9719527646293102,0.05115540866470054,0.730016325753555,0.9637015750264185,0.9261900906776853,0.05788688066735533,0.8588661175872119,0.9472278588519607,0.15153413125914425,0.05834968473590459,0.09075613418005951,0.9069703674370663,0.222597459453011,0.10192191366896111,0.17169532127341114,0.9485960574968583,3.933559458477763,0.055169136865045765,2.4952920597915265,0.3433670906940218,12.382466427076253,0.2739786796565163,9.034142018275743,0.7094716378793586,1.6728679540421707,0.12228566915512945,1.0542475207246644,0.5122771323522637,2.6733768141241976,0.23206395955939213,2.0425476591341556
Dataset_3772,multi_output,ALL,gradient_boosting,7,0,0.8813040373927343,2.368004466070924,0.012883593395380435,1.3214870682907338,0.7807869013592249,4.729526472549788,0.02691512902657516,2.5489064493163207,0.9754824655693578,0.029768353217274043,0.04725135431313341,0.022673676819877763,0.9074159133306975,0.07644848246368088,0.10617844786622345,0.051778341467388106,0.8846638977288243,1.829829954633052,0.09630683971752906,1.4933107428970693,0.8072267677575573,2.6925974042489376,0.14958874468049654,2.414880415617702,0.973622913524097,0.10114276921795885,0.03894600277934495,0.07959592130834116,0.955823590887507,0.17703905834933673,0.06744345079974733,0.11984605139573568,0.9210863960849562,4.538597773160547,0.07004008909198375,3.643626009286031,0.7210869257994403,10.057235692995485,0.15888208045806454,8.521948901830248,0.6516645140564362,2.0196441103893994,0.1438492956117806,1.3682289911423504,0.5123813090209225,1.845764207114094,0.19975803107295392,1.6360785362705295
Dataset_3772,multi_output,ALL,gradient_boosting,7,1,0.9121775403612389,2.2079451234170904,0.012013412717868712,1.0606810714481925,0.7938754479046937,4.286242606024951,0.02422974904479904,2.3991048839906632,0.9897931216688952,0.020699527317186817,0.026201933312894703,0.0159110462184531,0.961509627196922,0.04472187583059643,0.07453645971766071,0.03999797575441661,0.9826162902929326,0.7406681879197958,0.03526991371046647,0.47122354916822534,0.8017174367142126,2.342470158873929,0.15616467725826194,1.4675202252419655,0.9728970148181708,0.11053038771661608,0.03957407365435593,0.06575690545079547,0.9277631013882998,0.19616731647338156,0.09345751142133471,0.15774650094834847,0.9231330575580194,4.599779295198793,0.06451303359325096,3.6445219736433767,0.7102656293536074,8.888828518361239,0.2111360693197444,8.181465308639615,0.6924482174681768,1.629694441891089,0.11912971066455331,1.1059918827601125,0.5681214448704263,2.705634463899497,0.2477687238003202,2.1487944093689713
Dataset_3772,multi_output,ALL,gradient_boosting,7,2,0.9429271368928008,2.5640130659070945,0.01395001668066972,1.2216313282822784,0.8049724515536749,2.7292528992815144,0.01633256275564175,1.653508299953259,0.9894359587111543,0.02184429209980132,0.02730536512475165,0.015875821812835474,0.9835481287435573,0.023885363821312743,0.04683404670845636,0.020431714919403963,0.9504430613587818,1.1960812730785275,0.059804063653926376,0.8561182869447066,0.9253376490643638,1.571123402288628,0.09819521264303925,1.2581419357362276,0.9811266288381338,0.09432988701287259,0.03262880906706074,0.08008363213435413,0.9188369744860254,0.15922051261063508,0.10386204345116447,0.14366467749621073,0.8896982226146569,5.513344737917792,0.07732601315452724,4.341512464971848,0.8808441527053604,5.3663673245722405,0.11150893141968295,5.012876377506449,0.9039318129412768,1.0167886206559034,0.07918914491089589,0.814566435547647,0.31629535276906684,2.4396430582128734,0.25412948523050766,1.8324267941080046
Dataset_3772,multi_output,ALL,gradient_boosting,7,3,0.9093307185268558,2.793041758014731,0.015788817173627647,1.3100714322231843,0.834805913879439,2.0990530684932027,0.011420931870576216,1.3700558151787603,0.9915455749851698,0.01949745000746179,0.024371812509327236,0.014441210586979274,0.9042534149042627,0.059398349810250495,0.09580379001653305,0.04831287325319911,0.8967576458490198,1.7800202942893104,0.08476287115663383,1.4434415075453075,0.7972565347095495,2.623928843622493,0.15434875550720548,2.488362342931773,0.9841924681576536,0.08509945781386596,0.029435993709396736,0.05992136100018238,0.9329980688539808,0.18322601227167792,0.08725048203413235,0.1447936880127228,0.8841368078826646,5.816461506348127,0.09031772525385293,3.9170298757821995,0.9640143962032457,2.9255999122938334,0.056158938713769715,2.3979795568119067,0.7900210957597709,1.4135390121541582,0.10067941682009673,1.1155232062012532,0.5755071547261567,2.559078264339082,0.20505434810409315,1.7708306148842001
Dataset_3772,multi_output,ALL,gradient_boosting,7,4,0.9501510290223806,1.5180467991727948,0.008259231769166457,0.8347973853078766,0.6294902185169787,3.770909683030753,0.022194877475166293,1.349238888920043,0.9901681758817231,0.022255692356257836,0.027819615445322295,0.016678902781022346,0.935790573866307,0.03331524867979665,0.08767170705209643,0.029110529148530438,0.9659642063224411,1.1051712051145843,0.052627200243551636,0.8092155157077877,0.9673178711374857,0.6409844370632748,0.05827131246029771,0.5379604226648566,0.9471911435750738,0.17123202840822796,0.059229342237366985,0.1314382274898038,0.5935786765238087,0.19866264073361456,0.22887401006176808,0.1519211496316077,0.9737916986868,2.9466324109342823,0.04132724279010214,2.290740485503478,0.411537548573886,8.2787777884426,0.2195962278101486,4.725334853735485,0.8736399206458653,1.2603446914300793,0.0897681404152478,0.9259137950572914,0.23922642248340664,1.4523084101835115,0.2659905513156614,1.301867489419736
Dataset_3772,multi_output,ALL,gradient_boosting,2024,0,0.8874205081723255,2.779335857422569,0.01571133893398852,1.4332225605906754,0.7159325475658901,4.248259711501514,0.023114748960778683,2.4752390459274496,0.9852783326679784,0.02508399271726439,0.03135499089658048,0.019488442997003846,0.9135447347906364,0.05257216933011107,0.0973558691298353,0.04621537069970687,0.9473819872079381,1.181604603460895,0.056266885879090234,0.8315953276528363,0.6320133531182132,3.2384594232645445,0.21589729488430295,2.6669183470099025,0.9709188091990564,0.11751871268016141,0.040649848730598896,0.07637532392669606,0.8319982705704354,0.22138109197820544,0.14182004611031732,0.16900710208782022,0.8774357036953944,5.784377922234118,0.08981953295394594,4.872849477142602,0.7599550840405761,8.625232516480578,0.1442346574662304,7.557433614802127,0.6560877080912604,1.9374936905972422,0.13799812611091467,1.3658042312342384,0.44215129530958985,2.303155240420462,0.22848762305758555,1.93662079503769
Dataset_3772,multi_output,ALL,gradient_boosting,2024,1,0.9525500135340108,1.8637805063972233,0.010140263908581193,0.9441288918749746,0.8821123419025175,2.497041672999802,0.014690208689256395,1.4124827751716875,0.9864635232476725,0.02591746640893895,0.03239683301117369,0.01991636129388573,0.9885756270159228,0.01520959879168774,0.033064345199321166,0.012817382246329691,0.964782740623445,1.1063163465169839,0.05268173078652304,0.8110522824600949,0.8843768347377954,1.3927087235615099,0.09947919454010785,1.1047579622392334,0.9716521794361024,0.12093590932639178,0.04183186071476713,0.0946722283810105,0.870322491004041,0.18043194516576866,0.114559965184615,0.1247843415070464,0.9466905842358216,3.8679622982990085,0.05424912059325398,2.9041826250696245,0.9175494244981339,5.187438522341588,0.10171448083022724,4.605036562908107,0.8931610401270123,1.0807513457167444,0.08417066555426357,0.890820962170258,0.7497373322566946,1.514642714635611,0.1577752827745428,1.2150176269577213
Dataset_3772,multi_output,ALL,gradient_boosting,2024,2,0.9603823358261796,1.7035395578720345,0.009268441555342951,0.8588623634012201,0.7463592100433865,5.366699092670363,0.030368374222897027,2.4051155520177536,0.9850030273530279,0.026648010481170735,0.033310013101463413,0.01847547117965271,0.9588988664508229,0.029969744540888216,0.06659943231308493,0.027556864697751267,0.9664743332653924,1.0754976980078477,0.051214176095611796,0.8234741750195348,0.8915338740267023,1.1093955519271685,0.10085414108428804,0.8768127922423494,0.9837942151165369,0.08779801712920696,0.030369428270220322,0.06642106103574102,0.9161596732101174,0.15357939788638353,0.09539093036421335,0.11630857675484726,0.9579744275309511,3.5383283528927465,0.049625923602983825,2.6568445782203782,0.38509859764149446,11.67066785020949,0.27721301306910906,8.796528719302817,0.9086656758649889,0.9084897834290337,0.06641007188808727,0.7290965315507932,0.5801050388877952,2.5588208961848604,0.19928511652530062,2.208370807091005
Dataset_3772,multi_output,ALL,gradient_boosting,2024,3,0.8653584393311885,1.9069628404393708,0.01037577039250977,0.9596865883853753,0.7133000138229989,4.877396883103288,0.030332070168552785,2.533987200074505,0.9816760938956335,0.023906680776473614,0.03855916254269938,0.01813834258284399,0.926774880784839,0.07890265853237614,0.09862832316547017,0.0633223479744468,0.9845110469658954,0.6460440799365172,0.03589133777425096,0.4204575432371215,0.7918265002348457,2.7638185377752187,0.17273865861095117,1.9518599878484164,0.9555428471421696,0.12260647510573978,0.04906221492826723,0.07426079118914224,0.9299980462127988,0.25472078728932684,0.08810819345877788,0.18872590659266741,0.9554912199391521,3.4817550748305885,0.053730788191830074,2.645310229938065,0.5241888022471135,10.220773648660586,0.21161022046916328,8.381663272967206,0.44957098871309153,2.3721174386252013,0.16895423352031347,1.640266034979704,0.3937118396353979,2.602111946212736,0.24924443929240772,2.0843644849897918
Dataset_3772,multi_output,ALL,gradient_boosting,2024,4,0.9080393455748439,2.485701044833163,0.013523944748820255,1.2858448532992763,0.8356984514329507,3.1053963393513935,0.01766939595648019,1.6657286881623694,0.9870011363107654,0.024661836247076484,0.030827295308845603,0.018297366329985847,0.894413220073136,0.05674664135034788,0.11822216947989143,0.041520981062182015,0.9747998784101437,0.8936180386567222,0.04468090193283611,0.6922161312747422,0.9099608221964377,1.6345564493931206,0.10215977808707004,1.3605760550504564,0.9595714947110019,0.14358277255398905,0.049665434989273276,0.11529131744262137,0.9138960788136214,0.15431602197782562,0.100662767108823,0.12844600507610707,0.9153711210346857,5.149302826405914,0.07222023599447285,4.124230232376316,0.7692416760368055,6.653025107695439,0.14463098060207474,5.973863902036539,0.7034530974076224,1.8863858050879736,0.13435796332535424,1.479189219072717,0.6909804600447534,1.1206608034829346,0.18075174249724754,0.8242364975865623
Dataset_3772,multi_output,ALL,gradient_boosting,99,0,0.8956108261820497,2.1223063164095155,0.011547452616625037,1.075765990305977,0.3546363821894204,3.840593313469014,0.02388428677530481,1.5561492754802573,0.8931440870453954,0.07173323770745033,0.09080156671829155,0.05797203529849594,0.503294685088938,0.11473468971387252,0.2390306035705677,0.10309318774605446,0.9859899312214716,0.7045639306665883,0.03355066336507563,0.503617195096186,0.6723849088468348,2.1795455539448803,0.19814050490408003,1.1878867965078843,0.9257336325560965,0.19188275165248536,0.06870130743017738,0.13778666716299523,0.7516327497874579,0.2746376294329141,0.15325760571033145,0.23726929718922551,0.9485244162959295,4.301761074361912,0.06033325489988657,3.3186596094404033,-0.5731233130940283,8.18627223697121,0.3898224874748195,5.253705616080609,0.7246620637913548,1.8647780517512567,0.1328189495549328,1.360794444531805,0.4189928803179004,1.377215727932157,0.27110545825436155,0.9987914798775126
Dataset_3772,multi_output,ALL,gradient_boosting,99,1,0.9052735698347586,2.5154462581870582,0.013685779424303907,1.204981793240761,0.6460908360321075,3.0072554906190487,0.017107090793668858,1.6900011247947968,0.9864420939911203,0.023990791939704728,0.02998848992463091,0.019203877789138072,0.956610323161085,0.04069264981234853,0.06563330614894924,0.034413295841720946,0.9347327664830919,1.3576871160125397,0.06465176742916856,1.0978047117143186,0.8961395205444239,1.8982420173997905,0.11166129514116414,1.6851042815559327,0.9842163368593771,0.08311913007311576,0.028750996220379025,0.05508814765579657,0.8539571256017021,0.28363834323129533,0.11917577446693081,0.21769111094581284,0.9091235022278681,5.1759045274903235,0.07259333138135096,3.568812121988201,0.8892576543978149,5.447630665925496,0.11349230554011451,4.383181514968633,0.7118531496123356,1.7310583637107912,0.12329475525005634,1.2840001070563498,-0.36551044354448825,3.443227947557122,0.35866957787053355,2.1296154206618847
Dataset_3772,multi_output,ALL,gradient_boosting,99,2,0.8816106078130037,1.920521585447885,0.010448974893622877,0.9941631194349878,0.22048194267868987,5.517491719671402,0.0316098064719072,2.674283785143518,0.9839548854901911,0.024269965508015787,0.037338408473870446,0.013508806998066876,0.925599682866847,0.06721661354120081,0.08962215138826775,0.05028122007111482,0.9800324422405756,0.7425304825968004,0.04125169347760002,0.5728259324589382,0.8781537226889785,2.097948029747298,0.09990228713082372,1.6052572640707155,0.9432524421912827,0.15007911597222057,0.057789417008941295,0.08355908376924681,0.915205557580933,0.22522006346473145,0.08063733027738328,0.12482931637388361,0.9594918669571625,3.503894563742126,0.04914298125865535,2.717757740053175,0.3334726761460507,11.642020055853493,0.25986651910387254,8.887675994360364,0.541321402185807,2.364376111614323,0.1684028569525871,1.583164033895513,-1.9500219258893599,3.49575675879686,0.5826261264661433,2.703375130841514
Dataset_3772,multi_output,ALL,gradient_boosting,99,3,0.9089636918611312,2.2661793021993524,0.012890667248005416,1.164743040170547,0.8250023934483929,3.2625232001353233,0.017760060969707805,1.7952719122977743,0.9880827290771435,0.02468804734013414,0.030860059175167674,0.018827958866849525,0.8404052655324619,0.04686730920307771,0.13390659772307917,0.03699592397286512,0.9671142190433467,1.0939442216331192,0.05209258198252949,0.8522313536872852,0.911355271544198,0.9395898745602521,0.10439887495113913,0.8643847339549942,0.9773809919483707,0.11022818159248698,0.0381280462097845,0.07638413925664236,0.8958310236897523,0.1346704780574996,0.09982985771497374,0.11579959605224019,0.8983964440170503,4.735858731910689,0.07481609371106934,3.820658698011245,0.9142226423305383,6.588628018983899,0.10167635831765276,5.43353752714094,0.7138440752197452,1.4282897143877515,0.13224904762849551,1.0556130510307131,0.5631977641450139,2.9844777047011335,0.2125696370869753,2.5256417803678324
Dataset_3772,multi_output,ALL,gradient_boosting,99,4,0.9005965155241228,2.508006774012271,0.013645303449468286,1.2585435063002577,0.8104363788676535,4.945482790689715,0.029099633955220448,2.6768364777388873,0.9834946853096739,0.0256970463840026,0.03212130798000325,0.019262804601378258,0.932668468835855,0.06310233201930562,0.10517055336550937,0.051850416805051626,0.9164742382277096,1.5309754484681302,0.07290359278419667,1.2605099693154318,0.7669990640674433,3.2092978036398083,0.20058111272748802,2.970147614730755,0.978718017391384,0.09843337750669505,0.03404821082901939,0.07771830162145686,0.9889015177938059,0.07559201825390856,0.04090477178241803,0.06444218141170577,0.9023284080812586,5.113514835329583,0.07891226597730838,3.7484956971562715,0.713257756121189,10.411512809613983,0.1810697879932867,8.781851804205786,0.7219672286105876,1.7170383308211352,0.12229617740891276,1.1867307588067508,0.6503550875199748,1.8921185825173084,0.18123741211851616,1.5158903715411383
