dataset,target,model,random_search_best_rmse,random_search_best_params
Dataset_0136,Si Particle Size (um),linear_regression,0.27612076522330364,{}
Dataset_0136,Si Particle Size (um),ridge,0.27318303702862595,{'model__alpha': np.float64(1.1462107403425035)}
Dataset_0136,Si Particle Size (um),elasticnet,0.2747169873304525,"{'model__alpha': np.float64(0.01653693718282442), 'model__l1_ratio': np.float64(0.1379049026057455)}"
Dataset_0136,Si Particle Size (um),svr_rbf,0.26529012502621824,"{'model__C': np.float64(9.717775305059629), 'model__epsilon': np.float64(0.00861257919259488), 'model__gamma': np.float64(0.12030178871154672)}"
Dataset_0136,Si Particle Size (um),gpr,0.259405691565195,"{'model__alpha': np.float64(0.05804965855340131), 'model__n_restarts_optimizer': 8}"
Dataset_0136,Si Particle Size (um),random_forest,0.26990567588026804,"{'model__max_depth': 4, 'model__max_features': np.float64(0.6755493351795203), 'model__min_samples_leaf': 1, 'model__n_estimators': 199}"
Dataset_0136,Si Particle Size (um),extra_trees,0.28464505786608274,"{'model__max_depth': 4, 'model__max_features': np.float64(0.8627622080115674), 'model__min_samples_leaf': 1, 'model__n_estimators': 589}"
Dataset_0136,Si Particle Size (um),gradient_boosting,0.17250386677143198,"{'model__learning_rate': np.float64(0.11536162338241392), 'model__max_depth': 2, 'model__min_samples_leaf': 2, 'model__n_estimators': 291, 'model__subsample': np.float64(0.996884623716487)}"
Dataset_0136,Si Particle Size (um),xgboost,0.1677312483844775,"{'model__learning_rate': np.float64(0.031420647964844825), 'model__max_depth': 3, 'model__min_child_weight': 3, 'model__n_estimators': 640, 'model__reg_alpha': np.float64(0.008226074946221037), 'model__reg_lambda': np.float64(0.01701922302655402), 'model__subsample': np.float64(0.7159005811655073)}"
Dataset_0136,Si Particle Size (um),ann,0.264502371787393,"{'regressor__model__alpha': np.float64(0.7579479953348001), 'regressor__model__hidden_layer_sizes': (24,), 'regressor__model__learning_rate_init': np.float64(0.007535384509295544)}"
Dataset_0136,Si Particle Size (um),lightgbm,0.18243000144093263,"{'model__learning_rate': np.float64(0.08124173472387221), 'model__max_depth': 4, 'model__min_child_samples': 4, 'model__n_estimators': 492, 'model__num_leaves': 12, 'model__reg_alpha': np.float64(0.0012637946338082875), 'model__reg_lambda': np.float64(0.021070472806578238)}"
Dataset_0136,Hardness (HV),linear_regression,1.471748288658095,{}
Dataset_0136,Hardness (HV),ridge,1.4717621198077282,{'model__alpha': np.float64(0.001267425589893723)}
Dataset_0136,Hardness (HV),elasticnet,1.4719538052437895,"{'model__alpha': np.float64(0.0012087541473056963), 'model__l1_ratio': np.float64(0.922918866945795)}"
Dataset_0136,Hardness (HV),svr_rbf,1.6505387208417701,"{'model__C': np.float64(91.33995846860967), 'model__epsilon': np.float64(0.2073644517790503), 'model__gamma': np.float64(0.0062353771356731605)}"
Dataset_0136,Hardness (HV),gpr,1.458536075538079,"{'model__alpha': np.float64(1.1737996092661853e-05), 'model__n_restarts_optimizer': 3}"
Dataset_0136,Hardness (HV),random_forest,2.1004688139067023,"{'model__max_depth': 4, 'model__max_features': np.float64(0.6755493351795203), 'model__min_samples_leaf': 1, 'model__n_estimators': 199}"
Dataset_0136,Hardness (HV),extra_trees,1.999748156928393,"{'model__max_depth': 6, 'model__max_features': np.float64(0.6591670111852694), 'model__min_samples_leaf': 1, 'model__n_estimators': 574}"
Dataset_0136,Hardness (HV),gradient_boosting,1.2031809301902647,"{'model__learning_rate': np.float64(0.024850390460806646), 'model__max_depth': 2, 'model__min_samples_leaf': 1, 'model__n_estimators': 445, 'model__subsample': np.float64(0.6390688456025535)}"
Dataset_0136,Hardness (HV),xgboost,1.0776984448028772,"{'model__learning_rate': np.float64(0.07665788170871725), 'model__max_depth': 2, 'model__min_child_weight': 3, 'model__n_estimators': 492, 'model__reg_alpha': np.float64(0.696067823913519), 'model__reg_lambda': np.float64(0.021511587551819603), 'model__subsample': np.float64(0.7757346007463081)}"
Dataset_0136,Hardness (HV),ann,1.3496944960018893,"{'regressor__model__alpha': np.float64(0.7579479953348001), 'regressor__model__hidden_layer_sizes': (24,), 'regressor__model__learning_rate_init': np.float64(0.007535384509295544)}"
Dataset_0136,Hardness (HV),lightgbm,0.9008781965468534,"{'model__learning_rate': np.float64(0.2554006816661351), 'model__max_depth': 3, 'model__min_child_samples': 4, 'model__n_estimators': 485, 'model__num_leaves': 5, 'model__reg_alpha': np.float64(0.015977662354833867), 'model__reg_lambda': np.float64(0.07153547794693157)}"
Dataset_0136,wear rate,linear_regression,0.32186260859887383,{}
Dataset_0136,wear rate,ridge,0.32158833582654656,{'model__alpha': np.float64(0.4205156450913872)}
Dataset_0136,wear rate,elasticnet,0.3218885009845819,"{'model__alpha': np.float64(0.002259279742015696), 'model__l1_ratio': np.float64(0.22638457617723068)}"
Dataset_0136,wear rate,svr_rbf,0.27840917743200777,"{'model__C': np.float64(9.717775305059629), 'model__epsilon': np.float64(0.00861257919259488), 'model__gamma': np.float64(0.12030178871154672)}"
Dataset_0136,wear rate,gpr,0.2908316741935236,"{'model__alpha': np.float64(3.197999889429474e-05), 'model__n_restarts_optimizer': 6}"
Dataset_0136,wear rate,random_forest,0.2978227290422251,"{'model__max_depth': 4, 'model__max_features': np.float64(0.6755493351795203), 'model__min_samples_leaf': 1, 'model__n_estimators': 199}"
Dataset_0136,wear rate,extra_trees,0.3263639326554967,"{'model__max_depth': 4, 'model__max_features': np.float64(0.8627622080115674), 'model__min_samples_leaf': 1, 'model__n_estimators': 589}"
Dataset_0136,wear rate,gradient_boosting,0.20909321132330277,"{'model__learning_rate': np.float64(0.24606760251270873), 'model__max_depth': 1, 'model__min_samples_leaf': 1, 'model__n_estimators': 256, 'model__subsample': np.float64(0.9208787923016158)}"
Dataset_0136,wear rate,xgboost,0.20020688810214454,"{'model__learning_rate': np.float64(0.06416866024982448), 'model__max_depth': 2, 'model__min_child_weight': 3, 'model__n_estimators': 646, 'model__reg_alpha': np.float64(0.0774211647399625), 'model__reg_lambda': np.float64(0.022844556850020535), 'model__subsample': np.float64(0.885297914889198)}"
Dataset_0136,wear rate,ann,0.32795179535162955,"{'regressor__model__alpha': np.float64(0.7579479953348001), 'regressor__model__hidden_layer_sizes': (24,), 'regressor__model__learning_rate_init': np.float64(0.007535384509295544)}"
Dataset_0136,wear rate,lightgbm,0.19833387640572808,"{'model__learning_rate': np.float64(0.03385139511183492), 'model__max_depth': 3, 'model__min_child_samples': 3, 'model__n_estimators': 352, 'model__num_leaves': 14, 'model__reg_alpha': np.float64(0.0012366582530130832), 'model__reg_lambda': np.float64(0.3752528339573977)}"
Dataset_0136,Ultimate Compression Strength (MPa),linear_regression,8.8621216921429,{}
Dataset_0136,Ultimate Compression Strength (MPa),ridge,8.860649188231339,{'model__alpha': np.float64(0.37253938395788866)}
Dataset_0136,Ultimate Compression Strength (MPa),elasticnet,8.861214667225557,"{'model__alpha': np.float64(0.01653693718282442), 'model__l1_ratio': np.float64(0.1379049026057455)}"
Dataset_0136,Ultimate Compression Strength (MPa),svr_rbf,7.0864205247759084,"{'model__C': np.float64(9.717775305059629), 'model__epsilon': np.float64(0.00861257919259488), 'model__gamma': np.float64(0.12030178871154672)}"
Dataset_0136,Ultimate Compression Strength (MPa),gpr,4.078708064920828,"{'model__alpha': np.float64(0.03467127680448104), 'model__n_restarts_optimizer': 5}"
Dataset_0136,Ultimate Compression Strength (MPa),random_forest,6.5165213369927315,"{'model__max_depth': 4, 'model__max_features': np.float64(0.6755493351795203), 'model__min_samples_leaf': 1, 'model__n_estimators': 199}"
Dataset_0136,Ultimate Compression Strength (MPa),extra_trees,6.309274058499417,"{'model__max_depth': 6, 'model__max_features': np.float64(0.6591670111852694), 'model__min_samples_leaf': 1, 'model__n_estimators': 574}"
Dataset_0136,Ultimate Compression Strength (MPa),gradient_boosting,4.269008542025696,"{'model__learning_rate': np.float64(0.25829172494081126), 'model__max_depth': 3, 'model__min_samples_leaf': 2, 'model__n_estimators': 786, 'model__subsample': np.float64(0.8473544037332349)}"
Dataset_0136,Ultimate Compression Strength (MPa),xgboost,3.933567250061441,"{'model__learning_rate': np.float64(0.07665788170871725), 'model__max_depth': 2, 'model__min_child_weight': 3, 'model__n_estimators': 492, 'model__reg_alpha': np.float64(0.696067823913519), 'model__reg_lambda': np.float64(0.021511587551819603), 'model__subsample': np.float64(0.7757346007463081)}"
Dataset_0136,Ultimate Compression Strength (MPa),ann,6.658378183993996,"{'regressor__model__alpha': np.float64(0.755681014127442), 'regressor__model__hidden_layer_sizes': (12,), 'regressor__model__learning_rate_init': np.float64(0.00079342935945906)}"
Dataset_0136,Ultimate Compression Strength (MPa),lightgbm,4.0026520430633825,"{'model__learning_rate': np.float64(0.24040287158375262), 'model__max_depth': 2, 'model__min_child_samples': 5, 'model__n_estimators': 437, 'model__num_leaves': 7, 'model__reg_alpha': np.float64(0.2223333760592037), 'model__reg_lambda': np.float64(7.8662169812668425)}"
Dataset_0136,Elongation (%),linear_regression,2.707349005755259,{}
Dataset_0136,Elongation (%),ridge,2.650038481015612,{'model__alpha': np.float64(21.42302175774105)}
Dataset_0136,Elongation (%),elasticnet,2.6736572034081036,"{'model__alpha': np.float64(0.23423849847112907), 'model__l1_ratio': np.float64(0.09180537144799795)}"
Dataset_0136,Elongation (%),svr_rbf,2.216733200700941,"{'model__C': np.float64(1.3292918943162166), 'model__epsilon': np.float64(0.711447600934342), 'model__gamma': np.float64(0.8471801418819978)}"
Dataset_0136,Elongation (%),gpr,1.6657112567136452,"{'model__alpha': np.float64(9.148975058772303e-07), 'model__n_restarts_optimizer': 8}"
Dataset_0136,Elongation (%),random_forest,1.7061285868204692,"{'model__max_depth': 4, 'model__max_features': np.float64(0.8627622080115674), 'model__min_samples_leaf': 1, 'model__n_estimators': 589}"
Dataset_0136,Elongation (%),extra_trees,1.7621340787844204,"{'model__max_depth': 4, 'model__max_features': np.float64(0.6755493351795203), 'model__min_samples_leaf': 1, 'model__n_estimators': 199}"
Dataset_0136,Elongation (%),gradient_boosting,1.4237954838585156,"{'model__learning_rate': np.float64(0.11585767933179794), 'model__max_depth': 3, 'model__min_samples_leaf': 2, 'model__n_estimators': 180, 'model__subsample': np.float64(0.7035119926400067)}"
Dataset_0136,Elongation (%),xgboost,1.2937732509255748,"{'model__learning_rate': np.float64(0.0530676815078954), 'model__max_depth': 3, 'model__min_child_weight': 1, 'model__n_estimators': 712, 'model__reg_alpha': np.float64(0.013783578294796388), 'model__reg_lambda': np.float64(0.012902113024567155), 'model__subsample': np.float64(0.8438257335919588)}"
Dataset_0136,Elongation (%),ann,1.8764315371416391,"{'regressor__model__alpha': np.float64(0.755681014127442), 'regressor__model__hidden_layer_sizes': (12,), 'regressor__model__learning_rate_init': np.float64(0.00079342935945906)}"
Dataset_0136,Elongation (%),lightgbm,0.9774015417155631,"{'model__learning_rate': np.float64(0.1777807487915871), 'model__max_depth': 4, 'model__min_child_samples': 3, 'model__n_estimators': 229, 'model__num_leaves': 7, 'model__reg_alpha': np.float64(0.09074256288983863), 'model__reg_lambda': np.float64(9.056311714376344)}"
Dataset_0136,Temperature (°C),linear_regression,7.63024417180327,{}
Dataset_0136,Temperature (°C),ridge,7.613855348556092,{'model__alpha': np.float64(0.4205156450913872)}
Dataset_0136,Temperature (°C),elasticnet,7.614707432335926,"{'model__alpha': np.float64(0.01653693718282442), 'model__l1_ratio': np.float64(0.1379049026057455)}"
Dataset_0136,Temperature (°C),svr_rbf,12.233781540324687,"{'model__C': np.float64(91.33995846860967), 'model__epsilon': np.float64(0.2073644517790503), 'model__gamma': np.float64(0.0062353771356731605)}"
Dataset_0136,Temperature (°C),gpr,2.050234756391763,"{'model__alpha': np.float64(2.4430162614261403e-05), 'model__n_restarts_optimizer': 8}"
Dataset_0136,Temperature (°C),random_forest,9.440434460465339,"{'model__max_depth': 4, 'model__max_features': np.float64(0.6755493351795203), 'model__min_samples_leaf': 1, 'model__n_estimators': 199}"
Dataset_0136,Temperature (°C),extra_trees,7.782179099516561,"{'model__max_depth': 4, 'model__max_features': np.float64(0.8627622080115674), 'model__min_samples_leaf': 1, 'model__n_estimators': 589}"
Dataset_0136,Temperature (°C),gradient_boosting,2.3845722786226053,"{'model__learning_rate': np.float64(0.1267250518284891), 'model__max_depth': 1, 'model__min_samples_leaf': 2, 'model__n_estimators': 602, 'model__subsample': np.float64(0.9083868719818244)}"
Dataset_0136,Temperature (°C),xgboost,1.1070594847202302,"{'model__learning_rate': np.float64(0.0530676815078954), 'model__max_depth': 3, 'model__min_child_weight': 1, 'model__n_estimators': 712, 'model__reg_alpha': np.float64(0.013783578294796388), 'model__reg_lambda': np.float64(0.012902113024567155), 'model__subsample': np.float64(0.8438257335919588)}"
Dataset_0136,Temperature (°C),ann,5.096587118164889,"{'regressor__model__alpha': np.float64(0.0700434954523006), 'regressor__model__hidden_layer_sizes': (16,), 'regressor__model__learning_rate_init': np.float64(0.0034877126245459306)}"
Dataset_0136,Temperature (°C),lightgbm,1.0425798731339293,"{'model__learning_rate': np.float64(0.21574860446922628), 'model__max_depth': 3, 'model__min_child_samples': 3, 'model__n_estimators': 445, 'model__num_leaves': 7, 'model__reg_alpha': np.float64(0.008386394780402562), 'model__reg_lambda': np.float64(0.05285382203816726)}"
Dataset_0136,Strain,linear_regression,5.287929912215648,{}
Dataset_0136,Strain,ridge,5.2879545437669435,{'model__alpha': np.float64(0.001267425589893723)}
Dataset_0136,Strain,elasticnet,5.288045256683021,"{'model__alpha': np.float64(0.0012087541473056963), 'model__l1_ratio': np.float64(0.922918866945795)}"
Dataset_0136,Strain,svr_rbf,7.875104910174865,"{'model__C': np.float64(91.33995846860967), 'model__epsilon': np.float64(0.2073644517790503), 'model__gamma': np.float64(0.0062353771356731605)}"
Dataset_0136,Strain,gpr,1.5155728599176912,"{'model__alpha': np.float64(1.0162695016874119e-10), 'model__n_restarts_optimizer': 5}"
Dataset_0136,Strain,random_forest,7.019689464419232,"{'model__max_depth': 4, 'model__max_features': np.float64(0.6755493351795203), 'model__min_samples_leaf': 1, 'model__n_estimators': 199}"
Dataset_0136,Strain,extra_trees,5.436410720984383,"{'model__max_depth': 4, 'model__max_features': np.float64(0.6755493351795203), 'model__min_samples_leaf': 1, 'model__n_estimators': 199}"
Dataset_0136,Strain,gradient_boosting,3.1469540640243725,"{'model__learning_rate': np.float64(0.024850390460806646), 'model__max_depth': 2, 'model__min_samples_leaf': 1, 'model__n_estimators': 445, 'model__subsample': np.float64(0.6390688456025535)}"
Dataset_0136,Strain,xgboost,1.4755335229961068,"{'model__learning_rate': np.float64(0.0530676815078954), 'model__max_depth': 3, 'model__min_child_weight': 1, 'model__n_estimators': 712, 'model__reg_alpha': np.float64(0.013783578294796388), 'model__reg_lambda': np.float64(0.012902113024567155), 'model__subsample': np.float64(0.8438257335919588)}"
Dataset_0136,Strain,ann,3.44366037609964,"{'regressor__model__alpha': np.float64(0.7579479953348001), 'regressor__model__hidden_layer_sizes': (24,), 'regressor__model__learning_rate_init': np.float64(0.007535384509295544)}"
Dataset_0136,Strain,lightgbm,1.4983841951671402,"{'model__learning_rate': np.float64(0.21574860446922628), 'model__max_depth': 3, 'model__min_child_samples': 3, 'model__n_estimators': 445, 'model__num_leaves': 7, 'model__reg_alpha': np.float64(0.008386394780402562), 'model__reg_lambda': np.float64(0.05285382203816726)}"
